ID;INEP;NOME;ENDERECO;MUNICIPIO;UF;GRE
fd2f9bf2-04f8-4f8f-b207-a8a77af4e2c0;25000047;ECI NOSSA SENHORA DA CONCEICAO;RUA JOAO BATISTA DE OLIVEIRA FORTE, 411 CASA. CENTRO. 58895-000 Belém do Brejo do Cruz - PB.;Belém do Brejo do Cruz;PB;08ª GRE (Catolé do Rocha)
1d1244d6-d28e-41b8-8c8c-0135aa5cd3bb;25000055;EEEFM AMERICO MAIA;RUA JOAO AGRIPINO, 331 PREDIO. CENTRO. 58895-000 Belém do Brejo do Cruz - PB.;Belém do Brejo do Cruz;PB;08ª GRE (Catolé do Rocha)
bf31c364-3fc4-466e-8d78-d4a3f50239cb;25000349;ECIT PADRE ARISTIDES;RUA FRANCISCO GONCALVES DE ALMEIDA, SN CENTRO. 58887-000 Bom Sucesso - PB.;Bom Sucesso;PB;08ª GRE (Catolé do Rocha)
7a443b74-d83d-4632-be48-1952f4976017;25000373;EEEM DOUTOR JOSE PAZ DE LIMA;RUA ANTONIO ALMINO, 17 CENTRO. 58887-000 Bom Sucesso - PB.;Bom Sucesso;PB;08ª GRE (Catolé do Rocha)
e391bd88-f722-41f9-af06-260375182104;25000640;ECIT PROFESSOR JOSE OLIMPIO MAIA;RUA HORACIO PIMENTA, 225 PREDIO ESCOLAR. CENTRO. 58890-000 Brejo do Cruz - PB.;Brejo do Cruz;PB;08ª GRE (Catolé do Rocha)
7804c815-b55f-4e38-8f04-1d4956f77750;25000659;EEEM ANTONIO GOMES;RUA ANGELINA MARIZ, 50 CENTRO. 58890-000 Brejo do Cruz - PB.;Brejo do Cruz;PB;08ª GRE (Catolé do Rocha)
cd600d30-dc59-4d26-bb2d-d5d48abe05db;25001302;ECI EM OLIVIA SARAIVA MAIA;RUA CONEGO SANDOVAL, 124 CENTRO. 58893-000 São José do Brejo do Cruz - PB.;São José do Brejo do Cruz;PB;08ª GRE (Catolé do Rocha)
86f2be80-6a2b-4618-9790-7ad7de9bba6e;25001477;ECI PROFESSORA DIVA GUEDES DE ARAUJO;RUA APOLONIO PEREIRA DE SOUSA, 150 CENTRO. 58880-000 Brejo dos Santos - PB.;Brejo dos Santos;PB;08ª GRE (Catolé do Rocha)
2d94b1a6-b969-4ac0-985d-95a83d620c8f;25001825;EEEM ESC AGROTECNICA DO CAJUEIRO CAMPUS IV - UEPB;SITIO CAJUEIRO, SN ESCOLA. 58884-000 Catolé do Rocha - PB.;Catolé do Rocha;PB;08ª GRE (Catolé do Rocha)
41d2c5c9-a2d5-48eb-a373-4d872df3e073;25001833;ECIT OBDULIA DANTAS;AVENIDA VENANCIO NEIVA, 804 EM FRENTE AO PARQUE. CENTRO. 58884-000 Catolé do Rocha - PB.;Catolé do Rocha;PB;08ª GRE (Catolé do Rocha)
148760b7-670a-4c1d-8326-d2967980625b;25001868;EEEF JOAQUIM VALDEVINO DE LIMA;SITIO CAJAZEIRINHA, SN SITIO. ZONA RURAL. 58884-000 Catolé do Rocha - PB.;Catolé do Rocha;PB;08ª GRE (Catolé do Rocha)
5564bbd7-cd5f-44f2-ab2a-e88c20267174;25001876;EEEF JOSE DE SA CAVALCANTE;SITIO CATOLE DE BAIXO, SN AO LADO DO PSF. ZONA RURAL. 58884-000 Catolé do Rocha - PB.;Catolé do Rocha;PB;08ª GRE (Catolé do Rocha)
e3b15315-ea7c-4055-a38a-a9630c4b27d7;25001906;ECI JOAO SUASSUNA;PRACA PREFEITO JOSE SERGIO MAIA, 70 PREDIO. CENTRO. 58884-000 Catolé do Rocha - PB.;Catolé do Rocha;PB;08ª GRE (Catolé do Rocha)
5e792ffe-5878-4dd0-a2f7-314bf679b3c6;25001914;EEEFM E EJA SERGINA LAURA DANTAS;RUA DR ANTONIO FERREIRA, 155 CORRENTE. 58884-000 Catolé do Rocha - PB.;Catolé do Rocha;PB;08ª GRE (Catolé do Rocha)
7e8910c7-1c4d-48e4-806a-4813028289c9;25002376;EEEF FABIO MARIZ MAIA;DISTRITO CORONEL MAIA, SN ZONA RURAL. 58884-000 Catolé do Rocha - PB.;Catolé do Rocha;PB;08ª GRE (Catolé do Rocha)
47e4feab-a81b-464d-8719-4c49845f0c03;25002422;ECI FRANCISCO MAIA;RUA JOSE MESQUITA, 112 PREDIO. CENTRO. 58830-000 Jericó - PB.;Jericó;PB;08ª GRE (Catolé do Rocha)
d832401d-f583-4251-a838-7927bf698332;25002457;ECI JOSE SERAFIM DE LIMA;RUA ANTONIO SERAFIM DE LIMA, 16 CENTRO. 58832-000 Mato Grosso - PB.;Mato Grosso;PB;08ª GRE (Catolé do Rocha)
58d43c45-7889-4712-a939-e0fb2b17e518;25003011;EEEF VARZEA DOS CALADOS;SITIO VARZEA DOS CALADOS, 58835-000 Lagoa - PB.;Lagoa;PB;
573d30cf-7b98-4c7b-932a-c14da42c9f7e;25003038;EEEFM MONSENHOR VALERIANO PEREIRA;TRAVESSA SIMPLICIO ROQUE, 02 PREDIO ESCOLAR. CENTRO. 58835-000 Lagoa - PB.;Lagoa;PB;13ª GRE (Pombal)
15126fb6-8a8b-4e10-8aad-c11aed879009;25003054;ECI FREI BRUNO;RUA PADRE ARISTIDES, 0 CENTRO. 58835-000 Lagoa - PB.;Lagoa;PB;13ª GRE (Pombal)
2bfe1d0d-73f6-4d8b-8a7e-28e420f4dce6;25003410;ECIT DANIEL CARNEIRO;RUA DR ANTONIO CARNEIRO, 60 PREDIO. CENTRO. 58870-000 Riacho dos Cavalos - PB.;Riacho dos Cavalos;PB;08ª GRE (Catolé do Rocha)
ef98576f-ea00-4339-8e8d-6a35d89527c2;25003844;EEEM JOAO SILVEIRA GUIMARAES;RUA SAO JUDAS TADEU, 53 PREDIO. SAO JOSE. 58865-000 São Bento - PB.;São Bento;PB;08ª GRE (Catolé do Rocha)
33813a3c-8153-4680-91e7-77bc94bc2010;25003852;EEEIF FAUSTO MEIRA;RUA DR JOAO AGREPINO, 232 CENTRO. 58865-000 São Bento - PB.;São Bento;PB;08ª GRE (Catolé do Rocha)
edc97103-2a39-4492-beb6-bf1b4f6f97f1;25004875;EEEFM MINISTRO JOSE AMERICO DE ALMEIDA;RUA VIDAL DE NEGREIROS, 134 CENTRO. 58910-000 São João do Rio do Peixe - PB.;São João do Rio do Peixe;PB;09ª GRE (Cajazeiras)
b6dca179-c815-44ca-b007-fd19310105f7;25004883;ECIT CORONEL JACOB GUILHERME FRANTZ;RUA PADRE JOAQUIM CIRILO DE SA, 95 CENTRO. 58910-000 São João do Rio do Peixe - PB.;São João do Rio do Peixe;PB;09ª GRE (Cajazeiras)
f9370501-7e59-47dc-8af7-6cde2c848a6a;25004948;EEEIEF DISTRITO DE UMARI;DISTRITO DE UMARI, S/N ZONA RURAL. 58910-000 São João do Rio do Peixe - PB.;São João do Rio do Peixe;PB;09ª GRE (Cajazeiras)
eac9e5f0-3cd7-4652-975e-911dbbfca22e;25004999;EEEM DE BANDARRA;DISTRITO DE BANDARRA, 0 ZONA RURAL. 58910-000 São João do Rio do Peixe - PB.;São João do Rio do Peixe;PB;
5dac2255-da29-493f-afb7-7df3a4f2a514;25005995;ECIT PROFESSORA FRANCISCA FONSECA MATIAS;AV FREI DAMIAO, 00 PROXIMO AO PORTAL DE. BAIRRO DAS POPULARES. 58908-000 Poço de José de Moura - PB.;Poço de José de Moura;PB;09ª GRE (Cajazeiras)
5fa26ffb-5e98-488b-a66a-754181e34304;25006029;ECI PROFESSOR JOAQUIM UMBELINO;RUA 05 DE NOVEMBRO, 1 ASA BRANCA. 58930-000 Bom Jesus - PB.;Bom Jesus;PB;09ª GRE (Cajazeiras)
08f11a62-bc81-4a17-b690-882a40d1d7f7;25006223;ECIT MONSENHOR MORAIS;RUA APRIGIO PEREIRA DA SILVA, 1 PREDIO. ALTO DA BOA VISTA. 58960-000 Bonito de Santa Fé - PB.;Bonito de Santa Fé;PB;09ª GRE (Cajazeiras)
1e65bbaa-4fbd-4ff8-955f-be810c83cff7;25006231;EEEFM JOAQUIM NABUCO;RUA PREFEITO JOSE FERREIRA CAJU, 204 PREDIO. CENTRO. 58960-000 Bonito de Santa Fé - PB.;Bonito de Santa Fé;PB;
cb071433-2848-4b73-90bf-28d2dbb4658d;25007092;ECI PROFESSOR ADALBERTO DE SOUSA OLIVEIRA;RUA SERGIO MOREIRA, 45 PREDIO ESCOLAR. CENTRO. 58935-000 Cachoeira dos Índios - PB.;Cachoeira dos Índios;PB;09ª GRE (Cajazeiras)
1a6288a4-2f52-448c-97d8-3e6c4964f46a;25007718;EEEFM PROFESSOR MANOEL MANGUEIRA LIMA;RUA JOSE LEITE DE OLIVEIRA, 215 POR DO SOL. 58900-000 Cajazeiras - PB.;Cajazeiras;PB;09ª GRE (Cajazeiras)
522f0c12-0ef0-4682-b510-158cee282fc9;25007726;ECI EEFM PROFESSOR CRISPIM COELHO;AV PEDRO MORENO GONDIM, 0 ESTADUAL. CENTRO. 58900-000 Cajazeiras - PB.;Cajazeiras;PB;09ª GRE (Cajazeiras)
a3e9e179-ff2d-4b35-a6f8-dc1ab78e464a;25007742;EEEFM DOM MOISES COELHO;RUA PADRE JOSE TOMAZ, 387 TERREO. CENTRO. 58900-000 Cajazeiras - PB.;Cajazeiras;PB;09ª GRE (Cajazeiras)
de9d8770-2c2d-41f3-90f2-42a874377e63;25007785;ECIT CRISTIANO CARTAXO;AV JULIO MARQUES DO NASCIMENTO, 915 JARDIM OASIS. 58900-000 Cajazeiras - PB.;Cajazeiras;PB;09ª GRE (Cajazeiras)
4179176b-8ee7-4a77-9825-623f9b15d617;25007840;EEEF MONSENHOR JOAO MILANES;PRACA DOM ADAUTO, SN PRACA DO XAMEGAO. CENTRO. 58900-000 Cajazeiras - PB.;Cajazeiras;PB;09ª GRE (Cajazeiras)
8937035f-db1d-4c66-adf6-dd573b4ad252;25007882;EEEF SINHAZINHA RAMALHO;RUA PROJETADA, 25 POR DO SOL. 58900-000 Cajazeiras - PB.;Cajazeiras;PB;
b81b9c2f-b6de-40d5-9764-dfda9b11381c;25007904;EEEFM MONSENHOR CONSTANTINO VIEIRA;RUA PADRE ROLIM, 457 CENTRO. 58900-000 Cajazeiras - PB.;Cajazeiras;PB;09ª GRE (Cajazeiras)
f9133c76-c40a-41e0-9092-42a8e6354612;25008951;EEEF MONTE CARMELO;RUA VICENTE BEZERRA, 1 ESCOLA. ESPERANCA. 58900-000 Cajazeiras - PB.;Cajazeiras;PB;09ª GRE (Cajazeiras)
56fa2680-5880-4ace-b386-12519440d1de;25009192;ECI JOEL PEREIRA DA SILVA;RUA JOAO BEZERRA SN, 00 TERREO. CENTRO. 58945-000 Carrapateira - PB.;Carrapateira;PB;09ª GRE (Cajazeiras)
6badf7f0-119d-484f-bcff-c1760d352b23;25009214;EEEF DE AVE MARIA;SITIO AVE MARIA, SN RURAL. 58945-000 Carrapateira - PB.;Carrapateira;PB;
c683b073-4bbf-4c74-86aa-79f27f86b9d2;25009559;ECI BONIFACIO SARAIVA DE MOURA;RUA PROJETADA, SN PREDIO ESCOLAR A MAR. CENTRO. 58950-000 Monte Horebe - PB.;Monte Horebe;PB;09ª GRE (Cajazeiras)
5978d8b2-20df-42e8-93bb-165d72e7b832;25009923;EEEM PROFESSOR JOSE BENTO;RUA JOSIAS FRANCISCO DINIZ, 208 ESCOLA. CENTRO. 58925-000 Santa Helena - PB.;Santa Helena;PB;09ª GRE (Cajazeiras)
046fe861-54f6-4de3-a3b1-a5557cb654a3;25009931;ECI ELAINE SOARES BRASILEIRO;RUA JOANA FERREIRA DE SOUSA, 272 PREDIO. CENTRO. 58925-000 Santa Helena - PB.;Santa Helena;PB;09ª GRE (Cajazeiras)
641f9747-cac6-4613-9536-9fb367f46a3b;25010565;ECIT PREFEITO JOAQUIM LACERDA LEITE;RAIMUNDO ALVES, 125 SANTO ANTONIO. 58940-000 São José de Piranhas - PB.;São José de Piranhas;PB;09ª GRE (Cajazeiras)
d2e3c053-b791-4bab-a5ef-5b3e8c2e25ac;25010638;EEEF PROF LUIZ ALBERTO DE PAIVA;RUA EXPEDITO RODRIGUES DE HOLANDA, S/N CENTRO. 58940-000 São José de Piranhas - PB.;São José de Piranhas;PB;
6742d0ac-81eb-46d6-9b4e-027479fb889f;25010646;EEEF SAO SEBASTIAO;AV. CENTENARIA, 14 SAO SEBASTIAO. 58940-000 São José de Piranhas - PB.;São José de Piranhas;PB;
d199bfb3-ba16-4c6e-be74-e26d163eb776;25010670;EEEF BAIRRO SANTO ANTONIO;AVENIDA CENTENARIA, 239 SAO SEBASTIAO. 58940-000 São José de Piranhas - PB.;São José de Piranhas;PB;
87512a07-83e8-4d1e-9277-826efe664dd4;25010727;EEEF SANTA MARIA GORETE;RUA INACIO LIRA, 543 CENTRO. 58940-000 São José de Piranhas - PB.;São José de Piranhas;PB;
b9962b0b-41db-41df-a58a-02ff00f11876;25011669;EEEM SAO JOSE;RUA EXPEDITO RODRIGUES DE HOLANDA, 146 CENTRO. 58940-000 São José de Piranhas - PB.;São José de Piranhas;PB;09ª GRE (Cajazeiras)
f4817c7a-9450-496e-ad67-df3ade7cd346;25012185;EEEM ANTONIO FRANCISCO DUARTE;AV JOSE DUARTE DE SA, 89 PREDIO. CENTRO. 58920-000 Triunfo - PB.;Triunfo;PB;09ª GRE (Cajazeiras)
25fb4a7b-c195-4300-bbb7-1f9fa1144d40;25012193;ECI NELSON BATISTA ALVES;RUA JOSE ESTRELA ABRANTES, 245 CENTRO. 58922-000 Bernardino Batista - PB.;Bernardino Batista;PB;09ª GRE (Cajazeiras)
4b923156-df4a-4fb1-854e-9ff905db6339;25012207;ECIT BERNARDINO JOSE BATISTA;TABELIAO ANTONIO LISBOA LISBOA, SN BELA VISTA. 58920-000 Triunfo - PB.;Triunfo;PB;09ª GRE (Cajazeiras)
854ff409-b814-472c-8d72-6f9c20667df5;25012916;ECIT DOUTOR JOSE DUARTE FILHO;RUA FRANCISCO LEAO VELOSO, 448 CENTRO. 58915-000 Uiraúna - PB.;Uiraúna;PB;09ª GRE (Cajazeiras)
59ab58b7-62e4-4c88-b3a9-799dc7433ce1;25012924;EEEFM JOVELINA GOMES;RUA JOAO PESSOA, 88 FRENTE A PRACA PALMI. SAO JOSE. 58915-000 Uiraúna - PB.;Uiraúna;PB;09ª GRE (Cajazeiras)
b53d29ae-6891-4ee6-9582-4f7ba4dd18f9;25012932;ECI SAO JOSE OPERARIO;RUA PROJETADA SN, 1 CENTRO. 58928-000 Joca Claudino - PB.;Joca Claudino;PB;09ª GRE (Cajazeiras)
b9cfe825-a077-4b32-be2e-1a7031307560;25012940;ECI JOSE NILSON SANTIAGO;RUA ODILON FRANCISCO DE OLIVEIRA, SN PROXIMO AO HOSPITAL. CENTRO. 58933-000 Poço Dantas - PB.;Poço Dantas;PB;09ª GRE (Cajazeiras)
898e0fb1-a1ad-416b-944e-04c4469adb1e;25012959;EEEF ERNANI SATIRO;RUA BRASILIANO VIEIRA, 34 ALTO BELA VISTA. 58915-000 Uiraúna - PB.;Uiraúna;PB;09ª GRE (Cajazeiras)
ea113bbf-e573-4bca-a6f5-5950d7693ab4;25012967;EEEFM MONSENHOR CONSTANTINO VIEIRA;DISTRITO DE QUIXABA DE CIMA, SN DISTRITO DE QUIXABA. 58915-000 Uiraúna - PB.;Uiraúna;PB;
e9295c1b-d40f-42f9-9215-aba3e947a70d;25013840;ECIT DR TRAJANO PIRES DA NOBREGA;RUA MIGUEL FERNANDES FERREIRA, SN PROXIMO AO CAMPO MUN. CENTRO. 58714-000 Condado - PB.;Condado;PB;13ª GRE (Pombal)
f258e07f-b8b2-4d48-8d49-57a674c6befc;25013866;EEEF DR JOSE QUEIROGA;RUA JOSE MACHADO DE OLIVEIRA, 5 CENTRO. 58714-000 Condado - PB.;Condado;PB;
ee7d3d98-fd3c-41db-87ce-ac9deb63e24c;25014226;ECI MANOEL MEDEIROS DE ARAUJO;RUA JOAO FRANCISCO FILHO, 190 CENTRO. 58710-000 Vista Serrana - PB.;Vista Serrana;PB;13ª GRE (Pombal)
f9134963-2073-4f7c-85a3-f199e88961f4;25014412;ECI NESTORINA ABRANTES;RUA PEDRO ABRANTES FERREIRA, 278 CENTRO. 58820-000 Lastro - PB.;Lastro;PB;10ª GRE (Sousa)
617bb8fb-e6d8-4dce-a28d-b3dc3215e630;25014692;ECIT DOUTOR ANTONIO FERNANDES MEDEIROS;RUA CEL ANTONIO DE ASSIS FERREIRA, SN PROXIMO A BR 230. CENTRO. 58713-000 Malta - PB.;Malta;PB;06ª GRE (Patos)
7905f17a-a034-4468-949f-6e0a11a9716a;25014951;ECI FRANCISCO AUGUSTO CAMPOS;RUA HERCULANO VIEIRA, SN BAIRRO FRANCISCO MEN. FRANCISCO MENDES CAMPOS. 58817-000 Nazarezinho - PB.;Nazarezinho;PB;10ª GRE (Sousa)
74cd2d94-d723-41a2-abeb-808899ccca26;25014960;EEEF MANOEL MENDES;RUA JOAO LUIZ, SN CENTRO. 58817-000 Nazarezinho - PB.;Nazarezinho;PB;10ª GRE (Sousa)
de89790b-5f86-41b2-9d32-60f3489617c6;25015320;ECIT FRANCISCO DE SA CAVALCANTE;RUA BELARMINO FERNANDES DE FRANCA, SN PREDIO. CENTRO. 58860-000 Paulista - PB.;Paulista;PB;13ª GRE (Pombal)
96639b04-07fd-4274-9927-d5a2d035e088;25015346;EEEF DE QUEIMADAS;SITIO QUEIMADAS, 58860-000 Paulista - PB.;Paulista;PB;
1a429368-3c59-4569-97e1-49e8e8beb597;25015869;ECIT MONSENHOR VICENTE FREITAS;RUA PROFESSOR LUIZ FERREIRA CAMPOS, 309 ESCOLA TECNICA ESTAD. JARDIM ROGERIO. 58840-000 Pombal - PB.;Pombal;PB;13ª GRE (Pombal)
6bdf8099-b5bd-4054-ae4a-793a845affde;25015885;EEEFM JOAO DA MATA;PRACA DR JOSE FERREIRA DE QUEIROGA, 00 PRACA DO CENTENARIO. CENTRO. 58840-000 Pombal - PB.;Pombal;PB;13ª GRE (Pombal)
35932109-6d8d-4604-9d86-b5b7d3987d9e;25015893;EEEFM ARRUDA CAMARA;MARGEM DA BR230, SN PREDIO PROPRIO. JARDIM ROGERIO. 58840-000 Pombal - PB.;Pombal;PB;13ª GRE (Pombal)
af1a8695-d205-4e42-8c27-3e6bf586a5bd;25016024;EEEFM OITO DE JULHO;RUA PRACA DA BANDEIRA, 723 ESQUINA. CENTRO. 58840-000 Pombal - PB.;Pombal;PB;13ª GRE (Pombal)
d8ba6d44-8e81-49dc-b945-e3cf0f765f2b;25016032;EEEFM AMELIA MARIA DA LUZ;TRAVESSA CORONEL JOSE AVELINO, SN TERREO. PETROPOLIS. 58840-000 Pombal - PB.;Pombal;PB;13ª GRE (Pombal)
8b1ccc3a-f15e-40f6-a9d7-9cb157a1117b;25016059;ECI MARIA SOLEDADE ASSIS FREITAS;RUA ANTONIO CEZARIO DA SILVA, SN PREDIO. CENTRO. 58855-000 Cajazeirinhas - PB.;Cajazeirinhas;PB;13ª GRE (Pombal)
a87643c1-d7d4-45e4-9db8-bafd891c9dde;25016075;EEEF DE ESTRELO;SITIO ESTRELO, 00 PREDIO. ZONA RURAL. 58840-000 Pombal - PB.;Pombal;PB;
9ffcadd0-bac0-487f-891c-46bd43d2b480;25016083;EEEF DE MUNDO NOVO;ASSENTAMENTO JACU, SN CASA. ZONA RURAL. 58840-000 Pombal - PB.;Pombal;PB;
279fd1d8-2108-49b6-be12-bfbb1c3a85e7;25016105;ECI DEPUTADO LEVI OLIMPIO FERREIRA;RUA ERNANE ROQUE DE ARRUDA, SN CENTRO. 58857-000 São Bentinho - PB.;São Bentinho;PB;13ª GRE (Pombal)
5976b3ee-c9e8-433e-bc5e-729c240443bf;25016156;EEEF SANTA MARIA;SITIO SANTA MARIA, 58840-000 Pombal - PB.;Pombal;PB;
e2f40bd9-0896-47ad-8a94-6f4ead42c448;25016164;ECIT CICERO SEVERO LOPES;RUA EMILIA SANTINA DE JESUS, 0 BELA VISTA. 58853-000 São Domingos - PB.;São Domingos;PB;13ª GRE (Pombal)
21981600-491b-441e-8a71-81dfce489a59;25017071;EEEF PROFESSOR NESTOR ANTUNES;RUA JOSE VITAL DE OLIVEIRA, 61 CENTRO. 58824-000 Santa Cruz - PB.;Santa Cruz;PB;10ª GRE (Sousa)
4ae50523-2f0f-4283-af12-bf171cc092cf;25017080;ECIT VALDEMIRO WANDERLEY DE OLIVEIRA;CONJUNTO MAURICIO GOMES, SN SAO FRANCISCO. 58824-000 Santa Cruz - PB.;Santa Cruz;PB;10ª GRE (Sousa)
e63e9906-8adc-43e5-81e5-f98fee64bef6;25017438;ECI ANTONIO GREGORIO DE LACERDA;RUA ANTONIO GREGORIO DE LACERDA, SN PROXIMO A CAGEPA. SANHAUA. 58815-000 São José da Lagoa Tapada - PB.;São José da Lagoa Tapada;PB;10ª GRE (Sousa)
100f13b5-d7df-4e86-a244-15eb419bc281;25018060;EEEFM IZIDRA PACIFICO DE ARAUJO;NUCLEO HABITACIONAL I, 01 SAO GONCALO. 58814-000 Sousa - PB.;Sousa;PB;
b4841ece-b505-4030-b841-ae1b0bd382d6;25018078;EEEFM ANDRE GADELHA;RUA VEREADOR JOSE FRANCISCO VIEIRA DE FIGUEIREDO, 88 PREDIO ESCOLAR. AREIAS. 58801-455 Sousa - PB.;Sousa;PB;10ª GRE (Sousa)
329eb1dd-ac6f-4d21-b303-484c37557154;25018094;ECIT DOUTOR JOSE GADELHA;RUA JOAO AMANCIO PIRES, 95 CENTRO. 58823-000 Aparecida - PB.;Aparecida;PB;10ª GRE (Sousa)
6d37c67a-74f7-4dac-bb76-2b3508edc8df;25018124;EEEF BATISTA LEITE;RUA LUIS PEREIRA DA SILVA, 22 CENTRO. 58800-040 Sousa - PB.;Sousa;PB;10ª GRE (Sousa)
397668a9-e82d-4250-aa4b-452d2c1ee56d;25018132;EEEF BENTO FREIRE;RUA JOAQUIM PINTO NETO, 2 ESTACAO. 58807-275 Sousa - PB.;Sousa;PB;10ª GRE (Sousa)
d77ea4fb-3801-44f8-86c8-0a5eafb8cd71;25018140;EEEFM CELSO MARIZ;ARY FERNANDES DE ARAGAO, SN TERREO. JARDIM SORRILANDIA III. 58805-535 Sousa - PB.;Sousa;PB;10ª GRE (Sousa)
61e1a402-fb87-4959-b965-c15466df119c;25018183;EEEFM ESTEVAM MARINHO;AVENIDA RIO PIRANHAS - Centro, Sousa - PB, 58814-000;Sousa;PB;
a007a89a-f2cb-47a7-9bcb-8eea069cf81d;25018191;EEEFM FRANCISCO CICERO SOBRINHO;NUCLEO HABITACIONAL III, SN SAO GONCALO. SAO GONCALO. 58814-600 Sousa - PB.;Sousa;PB;
24e3cf3b-9785-4aa8-bf41-a87138f24308;25018221;EEEFM CONEGO JOAO CARTAXO ROLIM;RUA DORGIVAL DA NOBREGA ASSIS, SN PAROQUIA SAO JOAO BA. ALTO DO CRUZEIRO. 58806-250 Sousa - PB.;Sousa;PB;10ª GRE (Sousa)
c91d00f4-227d-482f-8f34-2d355162565f;25018256;EEEF DE DEMONSTRACAO DE SOUSA;RUA JOSE DE PAIVA GADELHA, 141 GATO PRETO. 58802-085 Sousa - PB.;Sousa;PB;10ª GRE (Sousa)
6c34c332-90e3-463f-9f7d-16f7a482cb05;25018264;EEEF JAIME MEIRA FONTES;RUA RAIMUNDO MARQUES BRAGA ROLIM FILHO, 22 PREDIO ALUGADO. DOUTOR ZEZE. 58804-450 Sousa - PB.;Sousa;PB;10ª GRE (Sousa)
bebc21d9-2736-4c92-a8d5-716f24e36ba5;25018272;EEEFM PROFESSORA DIONE DINIZ OLIVEIRA DIAS;NUCLEO HABITACIONAL II, SN AREA RURAL. 58814-500 Sousa - PB.;Sousa;PB;
77e18739-9e1c-4360-8be4-9b73bc76c7b7;25018280;ECIT MESTRE JULIO SARMENTO;RUA JOSE DE PAIVA GADELHA, 125 GATO PRETO. 58802-085 Sousa - PB.;Sousa;PB;10ª GRE (Sousa)
aca3c02e-b724-4a47-95f7-8ee9247fa894;25018582;EEEM JOSE DE PAIVA GADELHA;RUA JOSE DE PAIVA GADELHA, 127 VIZINHO A SECRETARIA. GATO PRETO. 58802-085 Sousa - PB.;Sousa;PB;10ª GRE (Sousa)
8f55af90-2acb-40cc-83b5-1f3f30866502;25018639;EEEFM DOUTOR THOMAZ PIRES;RUA RAIMUNDO PEREIRA DE OLIVEIRA, SN JARDIM SORRILANDIA I. 58805-150 Sousa - PB.;Sousa;PB;10ª GRE (Sousa)
98d4c233-5c50-43a2-849b-4ce16c1eeb73;25019228;EEEFM ANTONIO TEODORO NETO;RUA VEREADOR JOSE GONCALVES FORMIGA, SN MUTIRAO. SANTAREM. 58808-470 Sousa - PB.;Sousa;PB;10ª GRE (Sousa)
f139d866-7b4e-458d-b8b5-f58ad01ce37b;25019538;ECIT DOUTOR SILVA MARIZ;RUA BELARMINO RUFINO DE CARVALHO, 22 CENTRO. 58819-000 Marizópolis - PB.;Marizópolis;PB;10ª GRE (Sousa)
0c1e5a6e-7a10-45b7-ba87-d91e9676c029;25019597;ECI DORGIVAL SILVEIRA;RUA FRANCISCO ANTONIO DA SILVEIRA, 110 PREDIO. CENTRO. 58818-000 São Francisco - PB.;São Francisco;PB;10ª GRE (Sousa)
0fdd3ccf-25ed-44ac-9725-240b474870aa;25019740;ECI MARIA MOREIRA PINTO;RUA AGRIPINO FERNANDES DAS CHAGAS, SN CENTRO. 58822-000 Vieirópolis - PB.;Vieirópolis;PB;10ª GRE (Sousa)
cbbe3578-67ef-4f37-8544-c2130e0985f1;25019813;ECI ALDO SATIRO XAVIER;RUA GILVAN SOARES, SN SALAS CEDIDAS. CENTRO. 58730-000 Cacimba de Areia - PB.;Cacimba de Areia;PB;06ª GRE (Patos)
2df9d552-013b-4d18-a2d8-ca982c10dc1b;25020366;ECI CONEGO MACHADO;RUA PROJETADA 4, SN ESCOLA. CENTRO. 58734-000 Passagem - PB.;Passagem;PB;06ª GRE (Patos)
b3964960-31ce-42a8-9d93-5a17513f3856;25020374;ECI CLOVIS SATIRO;RUA PEDRO LINO, 490 PREDIO. CENTRO. 58732-000 Areia de Baraúnas - PB.;Areia de Baraúnas;PB;06ª GRE (Patos)
82b3a78a-49d4-4a36-adc9-db7ee3525337;25020650;EEEF CAIC DR ROMERO ABDON Q DA NOBREGA;PARQUE RESIDENCIAL SAO SEBASTIAO, SN FREI DAMIAO. 58700-970 Patos - PB.;Patos;PB;
2d7a2043-cbfc-4cba-89a5-f9dc51bec83d;25020668;CEJA SUPL PROFA SUELY ESPINOLA DA NOBREGA;RUA CAPITAO CRIZANTO, S/N SANTO ANTONIO. 58701-090 Patos - PB.;Patos;PB;
c0d2499b-b107-40a3-89d4-6a9675c056d7;25020854;ECIT DOUTOR DIONISIO DA COSTA;RUA FRANCISCO PONTES, SN ESCOLA. SALGADINHO. 58706-520 Patos - PB.;Patos;PB;06ª GRE (Patos)
ef8dde82-e9f5-4558-afaa-92bb49c94822;25020870;EEEF EGMAR LONGO DE ARAUJO MELO;RUA VIOLINISTA ANTONIO MORENO, S/N ESCOLA. NOE TRAJANO. 58705-140 Patos - PB.;Patos;PB;
e82f871a-1a49-4a1b-9c53-561581b0a62f;25020889;EEEM LUCIA WANDERLEY DE FREITAS;RUA VEREADOR JOSE CAETANO FILHO, 36 DISTRITO SANTA GERTRUDES. 58709-000 Patos - PB.;Patos;PB;06ª GRE (Patos)
8bd5247b-8a3a-4754-8827-396d8829fea1;25020897;EEEF MADRE AUXILIADORA;RUA PEDRO DAVI, S/N MONTE CASTELO. 58707-160 Patos - PB.;Patos;PB;
a075c4f2-c6d5-48ba-9cd3-2d9e1f9d1a47;25020900;EEEFM ANTONIA ARAUJO;RUA PROJETADA, SN BIVAR OLINTO. 58701-600 Patos - PB.;Patos;PB;06ª GRE (Patos)
2507d123-b063-4380-90e4-8b6bb6bc7680;25020927;ECI AUZANIR LACERDA;RUA LUIS JOSE, SN PREDIO PUBLICO. JARDIM LACERDA. 58704-030 Patos - PB.;Patos;PB;06ª GRE (Patos)
76304b8d-23e6-47ca-b790-358b341b8c31;25020935;ECI MONSENHOR MANOEL VIEIRA;PRACA EDVALDO MOTTA, SN CENTRO. 58700-590 Patos - PB.;Patos;PB;06ª GRE (Patos)
8673d98d-f658-42b6-b80a-344a75453ac7;25020960;EEEFM CORIOLANO DE MEDEIROS;PEREGRINO DE ARAUJO, SN PREDIO. SANTO ANTONIO. 58701-010 Patos - PB.;Patos;PB;06ª GRE (Patos)
1c0793fd-9421-41ab-b5f8-1c36babcc735;25020978;EEEM PROFESSORA MARIA NUNES;RUA ESCRITOR RUI BARBOSA, 614 CENTRO. 58700-060 Patos - PB.;Patos;PB;06ª GRE (Patos)
21d263cf-5f11-451f-9556-d29903c39591;25020986;EEEFM RIO BRANCO;AV FLORIANO PEIXOTO, SN JARDIM CALIFORNIA. 58700-300 Patos - PB.;Patos;PB;06ª GRE (Patos)
aaadf184-dc27-45cd-bd5f-8e71f9e11aa5;25021427;EEEFM DOM EXPEDITO E DE OLIVEIRA;RUA PAULO LEITE, SN ESCOLA. LIBERDADE. 58703-130 Patos - PB.;Patos;PB;06ª GRE (Patos)
4bb543f4-7f66-4ee3-8f4d-76768d984008;25022059;ECI HERCULANO PEREIRA;MANOEL CANDEIA, SN CENTRO. 58733-000 Quixaba - PB.;Quixaba;PB;06ª GRE (Patos)
548960f8-86b2-45e4-ac5f-a5d754f6c06f;25022296;ECI PROFESSOR JOAO NOBERTO;RUA EPITACIO RODRIGUES, 360 PREDIO ESCOLAR. CENTRO. 58720-000 Santa Teresinha - PB.;Santa Teresinha;PB;06ª GRE (Patos)
2ff994f1-a53f-4bf9-aecf-f206137dc782;25022652;ECIT JOSE AMERICO DE ALMEIDA;RUA CAPITAO CAZUZA SATIRO, 134 CENTRO. 58723-000 São José de Espinharas - PB.;São José de Espinharas;PB;06ª GRE (Patos)
054d4719-5526-4c54-acf9-2556f720ce58;25023187;ECI MARIA DE LOURDES MEIRA;RUA JAMIL NOBREGA, NULL CONJUNTO EDVALDO MOTA. 58725-000 São José do Bonfim - PB.;São José do Bonfim;PB;06ª GRE (Patos)
3af33fc6-1d7f-4ef1-b14b-9bf9ff51a2fc;25023489;ECI AGENOR MENDES PEDROSA;RUA JOAO PAULO SOBRINHO, SN PREDIO. EVANDRO CABRAL. 58778-000 Aguiar - PB.;Aguiar;PB;07ª GRE (Itaporanga)
1a741b29-65b4-49ed-8599-f67724496224;25023896;ECI JOSELITA BRASILEIRO;RUA PADRE MANOEL OTAVIANO, 0 CENTRO. 58775-000 Igaracy - PB.;Igaracy;PB;07ª GRE (Itaporanga)
d8b5eba5-8d63-4f48-be74-e9db339b23f7;25024175;ECIT INACIO DA CATINGUEIRA;RUA TENENTE NICOLAU LOPES, SN SALAO PAROQUIAL. CENTRO. 58715-000 Catingueira - PB.;Catingueira;PB;06ª GRE (Patos)
5cf3c57a-c7ba-476a-87dd-e608aa7bc710;25024183;EEEF DE ITAJUBATIBA;VILA DE ITAJUBATIBA, S/N ZONA RURAL. 58715-000 Catingueira - PB.;Catingueira;PB;
2e761c34-6347-48fa-9f02-9e168aa368a9;25024523;EEEF MINISTRO CARLOS LUIZ DE ARAUJO;RUA RAIMUNDO LUIZ, 360 PREDIO ESCOLAR. POMBALZINHO. 58770-000 Coremas - PB.;Coremas;PB;07ª GRE (Itaporanga)
e5a48a89-8f82-4b88-accf-b81a5c32b7d2;25024558;ECIT NOBEL VITA;RUA BENILDO FAUSTINO DA SILVA, 88 ANTONIO CLEMENTINO DE SOUSA. 58770-000 Coremas - PB.;Coremas;PB;07ª GRE (Itaporanga)
9608773f-35b3-47cb-8e0b-500a322adf2f;25025368;ECIT PROFESSORA MARGARIDA REMIGIO LOUREIRO;AV DR JOSE CELINO FILHO, 107 ESCOLA. CENTRO. 58763-000 Emas - PB.;Emas;PB;06ª GRE (Patos)
762dcc48-fe05-471a-8449-350b01ede9c2;25025635;ECIT JOAO LEITE NETO;RUA JO DE SOUSA, SN PREDIO. CENTRO. 58798-000 Nova Olinda - PB.;Nova Olinda;PB;07ª GRE (Itaporanga)
9301ab61-ba8d-4afb-8ac7-d8fd78c716a0;25026402;EEEF ADEMAR LEITE;RUA CORONEL JOAO LEITE, 26 CENTRO. 58765-000 Piancó - PB.;Piancó;PB;07ª GRE (Itaporanga)
bbb453f0-ec2c-4994-aac4-2b4bcb702007;25027026;ECIT SANTO ANTONIO;RUA NICOLAU LOUREIRO, 63 CENTRO. 58765-000 Piancó - PB.;Piancó;PB;07ª GRE (Itaporanga)
0d935969-f8f8-4574-841a-e2f9501cec8b;25027190;ECI DOUTOR FELIZARDO LEITE;RUA MANOEL BATISTA, 52 CENTRO. 58795-000 Santana dos Garrotes - PB.;Santana dos Garrotes;PB;07ª GRE (Itaporanga)
6689ea90-f701-43bb-8320-1658e7872c36;25027573;ECI JOAO CAVALCANTE SULA;RUA PADRE LUIS GOMES, 30 PROXIMO A PRACA CENT. CENTRO. 58993-000 Boa Ventura - PB.;Boa Ventura;PB;07ª GRE (Itaporanga)
694f9cf5-d326-4a26-96d3-127adb69864f;25027930;ECIT MAESTRO JOSE SIQUEIRA;RUA PADRE PANOEL OTAVIANO, 190 ESCOLA. CENTRO. 58970-000 Conceição - PB.;Conceição;PB;07ª GRE (Itaporanga)
390b69fe-827c-4c9d-b1f9-b36c21cb5c8a;25027999;EEEF CALULA LEITE;RUA PREFEITO JOAO FAUSTO, SN PREDIO. SAO GERALDO. 58970-000 Conceição - PB.;Conceição;PB;07ª GRE (Itaporanga)
b17411d4-d585-4189-8a70-d4f9dadc77a2;25028022;EEEF JOSE LEITE;AVENIDA GOVERNADOR WILSON LEITE BRAGA, 140 CENTRO. 58970-000 Conceição - PB.;Conceição;PB;07ª GRE (Itaporanga)
952635b1-7595-49b9-8337-1871b2322b89;25028065;EEEM NOSSA SENHORA DE FATIMA;AVENIDA VICE PREFEITO MARTINHO FURTADO DE LACERDA, SN NOSSA SENHORA DE FATIMA. 58970-000 Conceição - PB.;Conceição;PB;07ª GRE (Itaporanga)
b28e79e8-70dd-4807-b72d-e50ab7680b08;25028103;ECI ENEAS LEITE;RUA MANOEL PEREIRA CAMPOS, 86 CENTRO. 58978-000 Santa Inês - PB.;Santa Inês;PB;07ª GRE (Itaporanga)
f61d9ea6-e3df-4916-9b1f-0028d76f0848;25029576;ECI CORONEL ZUZA LACERDA;RUA COSMO ALVES BARBOSA, 120 CENTRO. 58990-000 Curral Velho - PB.;Curral Velho;PB;07ª GRE (Itaporanga)
bd746c0d-e050-45a3-8f24-4bfe404dca44;25029789;ECIT PROFESSORA ADILINA DE SOUZA DINIZ;RUA VEREADOR AMERICO PEREIRA GOMES, 696 ESCOLA ESTADUAL. CENTRO. 58994-000 Diamante - PB.;Diamante;PB;07ª GRE (Itaporanga)
3ef29f02-e5cb-4f17-b572-49f791a68b0f;25029797;EEEF JOANA ABILIO PEGADO;RUA ANTONIO VICENTE, 57 PREDIO. CENTRO. 58994-000 Diamante - PB.;Diamante;PB;07ª GRE (Itaporanga)
1ac920ac-f960-46e1-9f45-165cd27256f5;25030108;EEEF DOUTOR ERNESTO DE SOUSA DINIZ;RUA DO COMERCIO, SN VILA VAZANTE. CENTRO. 58994-000 Diamante - PB.;Diamante;PB;
a876fd2b-92ba-43f9-93dd-9d25e148110e;25030116;ECI PADRE MANOEL OTAVIANO;RUA SANTA MARIA, 1000 PREDIO. IBIARINHA. 58980-000 Ibiara - PB.;Ibiara;PB;07ª GRE (Itaporanga)
0dedb78b-8ac6-45e4-a47b-74bb955ca506;25030175;EEEF FRANCA LEITE;RUA OSORIO PINTO RAMALHO, 430 PREDIO. CENTRO. 58980-000 Ibiara - PB.;Ibiara;PB;07ª GRE (Itaporanga)
36468003-3715-47fe-9ce9-b3c694420e65;25030566;EEEM ADALGISA TEODULO DA FONSECA;RUA JOAO SILVINO DA FONSECA, SN PROXIMO AO DETRAN E. CENTRO. 58780-000 Itaporanga - PB.;Itaporanga;PB;07ª GRE (Itaporanga)
04ac4232-534c-48fd-b462-40de85623318;25030698;EEEF SIMEAO LEAL;PRACA DEP BALDUINO DE CARVALHO, 32 ESCOLA. CENTRO. 58780-000 Itaporanga - PB.;Itaporanga;PB;07ª GRE (Itaporanga)
1ea76921-f36b-4652-b577-d9089258f0c4;25031155;ECI FRANCELINO DE ALENCAR NEVES;R. João Firmino Gomes, 310 - CENTRO, Itaporanga - PB, 58780-000;Itaporanga;PB;07ª GRE (Itaporanga)
45593772-8827-4660-ae29-a67f3bcddd1d;25031481;ECI JOAO DE SOUSA PRIMO;AV JOSE TEOTONIO DOS SANTOS, 00 CENTRO. 58790-000 Pedra Branca - PB.;Pedra Branca;PB;07ª GRE (Itaporanga)
f6dad4e0-8a83-43ad-9394-1e6c1fb80b46;25031783;ECIT PRESIDENTE KENEDY;TRAVESSA ELISA FERREIRA LIMA, 0 CENTRO. 58985-000 Santana de Mangueira - PB.;Santana de Mangueira;PB;07ª GRE (Itaporanga)
1436bfff-94fa-449d-9850-516f66ed3d15;25032518;ECI OTAVIANO L DA SILVA;RUA JOSE PEREIRA LIMA, SN CENTRO. 58784-000 São José de Caiana - PB.;São José de Caiana;PB;07ª GRE (Itaporanga)
aeae95b2-ab72-4836-9e7f-ca3c5493a32f;25032968;ECI PROFESSOR JOSEFA JUSTINO GOMES;AV PREF IVO PINTO RAMALHO, 580 PREDIO. BELA VISTA. 58955-000 Serra Grande - PB.;Serra Grande;PB;07ª GRE (Itaporanga)
ccb9abcf-5045-4dbc-aeeb-cee00efb3474;25033204;ECI JOSE NOMINANDO;RUA JOSE PEDRO FIRMINO, 41 PREDIO. CENTRO. 58748-000 Água Branca - PB.;Água Branca;PB;11ª GRE (Princesa Isabel)
82dc2158-a1b3-451e-83c4-89c86de6fbc2;25033786;ECI GERTRUDES LEITE;JULIA DE GOIS SN, SN SAO CRISTOVAO. 58695-000 Desterro - PB.;Desterro;PB;06ª GRE (Patos)
a9cf3ff4-b894-42d0-88a7-dee9988aed11;25033794;ECIT PEDRO TERTO DA CUNHA;RUA FERNANDES FERREIRA, SN ESCOLA. CENTRO. 58698-000 Cacimbas - PB.;Cacimbas;PB;06ª GRE (Patos)
045b5163-eb6d-42f7-98a7-a6c3358e7841;25033816;EEEF SILVEIRA DANTAS;PRACA NOSSA SENHORA DO DESTERRO, 25 PRACA NOSSA SENHORA. CENTRO. 58695-000 Desterro - PB.;Desterro;PB;06ª GRE (Patos)
c55ebf4b-d30e-467c-808b-588c56e1bf0c;25034200;ECIT MARIA DO SOCORRO RAMALHO QUIRINO;RUA DELMIRO DANTAS, SN CENTRO. 58745-000 Imaculada - PB.;Imaculada;PB;11ª GRE (Princesa Isabel)
fe1a6647-1c49-408d-9992-98d78a6da471;25034219;EEEFM SANTA CATARINA;RUA PROFESSOR HENRIQUE ANTONIO DA SILVA, SN RURAL. 58745-000 Imaculada - PB.;Imaculada;PB;
95640dd2-cfdd-41d4-8a67-02af0dca194f;25034227;EEEF DELMIRO DANTAS;RUA DELMIRO DANTAS, SN CENTRO. 58745-000 Imaculada - PB.;Imaculada;PB;11ª GRE (Princesa Isabel)
2a7c56e7-e1da-43f9-99a2-ac3588158eb0;25034820;EEEF AMERICA FLORENTINO;AV CAPITAO DALMO TEIXEIRA, 626 ESCOLA. CENTRO. 58750-000 Juru - PB.;Juru;PB;11ª GRE (Princesa Isabel)
963147bb-e478-4225-ae48-e09bf606512d;25034839;ECIT ARLINDA PESSOA DA SILVA;AVENIDA DALMO TEIXEIRA SETOR SERRA BRANCA, SN PROXIMO AO CONTORNO. SERRA BRANCA. 58750-000 Juru - PB.;Juru;PB;
6ddea12a-f10e-46a7-ac0d-aea5826e8907;25035444;EEEF PROFESSORA ANTONIA DINIZ MAIA;PRACA JOAQUIM SIMAO, 6 PREDIO. CENTRO. 58995-000 Manaíra - PB.;Manaíra;PB;11ª GRE (Princesa Isabel)
ef8d2b53-afc1-4bfc-80bc-cd64cb9f93b7;25036017;ECI MONSENHOR SEBASTIAO RABELO;RUA PROJETADA, SN POPULARES. 58995-000 Manaíra - PB.;Manaíra;PB;11ª GRE (Princesa Isabel)
6d43d5c4-6c86-44ea-bb63-20d991d4f3ac;25036297;EEEF PROFESSORA IRACEMA MARQUES DE LIMA;RUA SOLON DE LUCENA, 55 ESCOLA. CENTRO. 58755-000 Princesa Isabel - PB.;Princesa Isabel;PB;11ª GRE (Princesa Isabel)
44680cbf-48c2-4e80-be0f-0e63a0f402e5;25036300;EEEM GAMA E MELO;AVENIDA PRESIDENTE JOAO PESSOA, 460 PREDIO. CENTRO. 58755-000 Princesa Isabel - PB.;Princesa Isabel;PB;11ª GRE (Princesa Isabel)
63e20e2b-7c0d-45ae-9b2f-7e32b661b768;25036335;ECIT NOSSA SENHORA DO BOM CONSELHO;RUA PSICOLOGA SIMONE PEREIRA, 36 CONJUNTO ALOYSIO PEREIRA. 58755-000 Princesa Isabel - PB.;Princesa Isabel;PB;11ª GRE (Princesa Isabel)
0ca9fd30-de97-4a41-9c99-b17fcb117c93;25036343;EEEF MINISTRO ALCIDES VIEIRA CARNEIRO;PRACA DR JOSE NOMINANDO DINIZ, 52 CENTRO. 58755-000 Princesa Isabel - PB.;Princesa Isabel;PB;11ª GRE (Princesa Isabel)
356ff451-dd88-4a71-a582-c0df503f5a90;25037129;EEEF MARCAL LIMA NETO;POVOADO VARZEA, 1 VARZEA. RURAL. 58755-000 Princesa Isabel - PB.;Princesa Isabel;PB;
53dce2f5-9935-45bf-abf4-9da19206819d;25037137;ECI DEPUTADO NOMINANDO MUNIZ DINIZ;RUA DA BOA VISTA, SN VIZINHO A SECRETARIA. CENTRO. 58758-000 São José de Princesa - PB.;São José de Princesa;PB;11ª GRE (Princesa Isabel)
5606ea48-2442-45c5-89fa-95393f7176fa;25037226;ECI ADRIANO FEITOSA;RUA SEVERINO CARLOS DE ANDRADE, 489 CENTRO. 58753-000 Tavares - PB.;Tavares;PB;11ª GRE (Princesa Isabel)
01447a69-c7ea-45a2-ac9c-8b4848e10cf7;25037234;EEEM POVOADO SILVESTRE;POVOADO SILVESTRE, SN CENTRO. CENTRO. 58753-000 Tavares - PB.;Tavares;PB;11ª GRE (Princesa Isabel)
e87a3aa7-4eeb-46da-9baa-7546b01ab281;25037781;ECI ANTONIO MOACIR DANTAS CAVALCANTI;AVENIDA JOSE JERONIMO DA SILVA, 282 ESCOLA. CENTRO. 58737-000 Maturéia - PB.;Maturéia;PB;06ª GRE (Patos)
e8a5008d-3bdd-46da-a10e-45c2ad7e34f1;25037803;ECIT SEBASTIAO GUEDES DA SILVA;RUA CONEGO SERRAO, 21 CENTRO. 58735-000 Teixeira - PB.;Teixeira;PB;06ª GRE (Patos)
451c4382-7a4e-48d0-8d58-c4a1019c555e;25037838;EEEF DE POCOS;SITIO POCOS, SITIO POCOS. 58735-000 Teixeira - PB.;Teixeira;PB;
31ed4ab2-f8f9-4e27-8205-db1fce02967f;25037846;EEEFM DOUTOR MANOEL DANTAS;RUA DR MANOEL DANTAS, 20 CENTRO. 58735-000 Teixeira - PB.;Teixeira;PB;06ª GRE (Patos)
fae69592-c5a3-4b45-8253-fa491e7c39b0;25038478;ECIT EZEQUIEL FERNANDES;RUA ALCINDO LEITE, 490 CENTRO. 58640-000 Junco do Seridó - PB.;Junco do Seridó;PB;06ª GRE (Patos)
c3c9ebd7-600a-40c7-aa02-9bebd3158fec;25038796;ESCOLA CIDADA INTEGRAL ESTADUAL DE ENSINO MEDIO DR FENELON NOBREGA;RUA JOSE MACIEL DE SOUZA, 56 CENTRO. 58650-000 Salgadinho - PB.;Salgadinho;PB;06ª GRE (Patos)
d88cf521-f544-4883-b5a6-06eb16638888;25039032;ECIT PADRE JERONIMO LAUWEN;RUA DOM QUINTINO, SN SAO JOSE. 58600-000 Santa Luzia - PB.;Santa Luzia;PB;06ª GRE (Patos)
a2392325-e59c-43da-a058-93a6a36b528c;25039040;EEEF MONSENHOR PEDRO ANISIO;RUA BONIFACIO NOBREGA, 626 SAO JOSE. 58600-000 Santa Luzia - PB.;Santa Luzia;PB;06ª GRE (Patos)
6773ec26-7bff-4e30-90d0-e300af7a6aaa;25039075;EEEFM ARLINDO BENTO DE MORAIS;RUA ANTONIO MOISES, 264 PREDIO. SAO JOSE. 58600-000 Santa Luzia - PB.;Santa Luzia;PB;06ª GRE (Patos)
6c2e747b-4b0e-4f89-8c27-619a7e32cc1b;25039083;ECI COELHO LISBOA;AVENIDA JOSE AMERICO, SN PREDIO. CENTRO. 58600-000 Santa Luzia - PB.;Santa Luzia;PB;06ª GRE (Patos)
b73b6c1f-90c5-45d9-af90-b32836b871b7;25039504;ECIT OLAVO BILAC;RUA SEVERINO ARNALDO, 325 PREDIO. CENTRO. 58610-000 São José do Sabugi - PB.;São José do Sabugi;PB;06ª GRE (Patos)
033ecd99-c484-44dc-95aa-6e4b4861dd1c;25039997;EEEFM NAPOLEAO ABDON DA NOBREGA;MINISTRO JOAO AGRIPINO, 175 CENTRO. 58625-000 São Mamede - PB.;São Mamede;PB;06ª GRE (Patos)
f9ca8c66-57cb-4058-a975-542242210b15;25040014;ECITE SERAFICO NOBREGA;RUA JOSE PEQUENO DE OLIVEIRA, 91 CENTRO. 58625-000 São Mamede - PB.;São Mamede;PB;06ª GRE (Patos)
28467462-6962-4bf3-8c82-f083c34af5e7;25040600;ECI ODILON DE FIGUEIREDO;RUA FRANCISCO DAS CHAGAS BRITO, 97 CENTRO. 58620-000 Várzea - PB.;Várzea;PB;06ª GRE (Patos)
ee99f406-3b16-44d9-890b-ad68e9e42d87;25040820;ECIT IOLANDA TEREZA CHAVES LIMA;RUA VALDEMIR DE SOUSA SOUTO, SN PROXIMO AO MERCADO C. CENTRO. 58167-000 Cubati - PB.;Cubati;PB;04ª GRE (Cuité)
026fa12c-ec8c-47c9-988e-702e047e1a7a;25041185;ECI PREFEITO AGUITONIO DANTAS;RUA PROFESSOR LUIZ PINHEIRO, 271 INSTITUICAO DE ENSIN. CENTRO. 58195-000 Frei Martinho - PB.;Frei Martinho;PB;04ª GRE (Cuité)
d262dd58-04a4-4ce1-81b8-83cdeed3318d;25041525;ECIT DEPUTADO GENIVAL MATIAS;RUA PROFESSORA JOSEFA NETA FREIRE, 180 CENTRO. 58660-000 Juazeirinho - PB.;Juazeirinho;PB;03ª GRE (Campina Grande)
d2aae965-8817-4c90-b4c4-189b73818fee;25042351;ECI ANTONIO COELHO DANTAS;RUA JORGE MENDONCA, 200 CENTRO. 58184-000 Nova Palmeira - PB.;Nova Palmeira;PB;04ª GRE (Cuité)
2464d40a-ab5f-4a12-a369-69738808f3e6;25042661;ECI GRACILIANO FONTINI LORDAO;RUA PROFESSOR FRANCISCO FERREIRA, 13 PROXIMO AO CENTRO PR. CENTRO. 58180-000 Pedra Lavrada - PB.;Pedra Lavrada;PB;04ª GRE (Cuité)
8379b9a0-bb4d-4d75-b8b6-f9d399020c98;25043269;EEEM SEVERINO GREGORIO DANTAS;RUA JOSE MARIA DA COSTA LIMA, 00 ZONA RURAL. 58187-000 Picuí - PB.;Picuí;PB;
892bef7d-9d77-4863-ae37-5233ad55a648;25043277;ECIT PROFESSOR LORDAO;RUA PROJETADA, SN CAMPO DE AVIACAO. CENECISTA. 58187-000 Picuí - PB.;Picuí;PB;04ª GRE (Cuité)
7b931128-3ddf-42f1-ab24-70340740ce3f;25043870;ECI MARIA FRANCINETE DE SOUZA;RUA MANOEL CORDEIRO, 50 CENTRO. 58158-000 São Vicente do Seridó - PB.;São Vicente do Seridó;PB;04ª GRE (Cuité)
428af7c8-d16e-4f63-9908-645f5a9ce5e5;25043897;ECIT CICERO DOS ANJOS;RUA ALZIRA XAVIER DAS NEVES, SN INSTITUICAO DE ENSIN. CENTRO. 58158-000 São Vicente do Seridó - PB.;São Vicente do Seridó;PB;04ª GRE (Cuité)
03535fce-8f7a-4306-bf8e-56bf928f6d81;25044362;ECIT PEDRO BEZERRA FILHO;RUA ANTONIO GALDINO CHAVES, 23 PREDIO. CENTRO. 58530-000 Camalaú - PB.;Camalaú;PB;05ª GRE (Monteiro)
ed49fb9d-5659-46f0-a544-68377bcca6dd;25044788;ECIT MANOEL ALVES CAMPOS;RUA SENADOR RUI CARNEIRO, SN CENTRO. 58535-000 Congo - PB.;Congo;PB;05ª GRE (Monteiro)
3b7e67b7-5971-411c-acca-24d3ef47de2e;25045059;ECIT JOAO LELYS;RUA PRESIDENTE JOAO PESSOA, 54 CENTRO. 58690-000 Livramento - PB.;Livramento;PB;03ª GRE (Campina Grande)
d7df0247-ccd2-484f-9b6d-e52ca63d55c6;25045377;ECIT JOSE LEITE DE SOUZA;RUA WAGNER AUGUSTO BEZERRA JAPYASSU, 426 CENTRO. 58500-000 Monteiro - PB.;Monteiro;PB;05ª GRE (Monteiro)
05772904-a7dd-466b-a005-cc7a045bbb32;25045466;EEEM BENTO TENORIO DE SOUSA;SITIO SANTA CATARINA, SN ESCOLA. ZONA RURAL. 58500-000 Monteiro - PB.;Monteiro;PB;
969c7a07-7d44-4864-bbf4-737da8623cb8;25045555;EEEFM MIGUEL SANTA CRUZ;RUA GETULIO VARGAS, 61 CENTRO. 58500-000 Monteiro - PB.;Monteiro;PB;05ª GRE (Monteiro)
997c30ae-d2d4-4689-ad63-60165bb6b587;25046764;ECI NOSSA SENHORA DAS GRACAS;RUA JOSE CASSIANO, SN CENTRO. 58560-000 Ouro Velho - PB.;Ouro Velho;PB;05ª GRE (Monteiro)
79324268-42ed-47c4-a7e0-52e216f928ae;25046950;ECIT FRANCISCO DE ASSIS GONZAGA;AVENIDA ANANIANO RAMOS GALVAO, 196 PREDIO. CENTRO. 58550-000 Prata - PB.;Prata;PB;05ª GRE (Monteiro)
e70b6a09-733c-479f-af72-9df9712dae5c;25046969;EEEIEF PLINIO LEMOS;ASSENTAMENTO ZE MARCOLINO, SN AGROVILA LAGINHA. ZONA RURAL. 58550-000 Prata - PB.;Prata;PB;
c5a7c459-ae4e-47ce-ad33-aca7f4d9f373;25047116;ECI MARIO OLIVEIRA CHAVES;RUA ANANIAS HONORIO DE SOUSA, 45 CENTRO. 58520-000 São João do Tigre - PB.;São João do Tigre;PB;05ª GRE (Monteiro)
3d1c55d8-9594-47e6-9719-cb016ebfc30a;25047450;ECI BARTOLOMEU MARACAJA;RUA EULAMPIA SOUZA E SILVA, 95 CENTRO. 58570-000 São José dos Cordeiros - PB.;São José dos Cordeiros;PB;05ª GRE (Monteiro)
42134753-e508-4fe7-b506-aa07ee73d2d0;25047469;ECI JAIRO AIRES CALUETE;RUA TERTULINO AIRES DE QUEIROZ, SN SEM COMPLEMENTO. CENTRO. 58575-000 Parari - PB.;Parari;PB;05ª GRE (Monteiro)
e24ec6a4-edbd-41bc-bb72-601e6ad98aef;25048350;ECI MALAQUIAS BATISTA FEITOSA;AVENIDA VICENTE PEDRO, 0 CENTRO. 58510-000 São Sebastião do Umbuzeiro - PB.;São Sebastião do Umbuzeiro;PB;05ª GRE (Monteiro)
fdbc7e71-ae19-46a6-a096-7afd7cffde0a;25048368;ECI MARIA CELESTE DO NASCIMENTO;RUA JOAO MIZAEL DE MEDEIROS, SN CENTRO. 58515-000 Zabelê - PB.;Zabelê;PB;05ª GRE (Monteiro)
21c1ad7c-3a97-45f2-ab04-caa494a02708;25048775;EEEFM MARIA BALBINA PEREIRA;AVENIDA MARIA BALBINA PEREIRA, 01 CENTRO. 58580-000 Serra Branca - PB.;Serra Branca;PB;05ª GRE (Monteiro)
bb6ccd0c-1d4b-43e6-b522-d769eca4e154;25048848;EEEF VASCONCELOS BRANDAO;AVENIDA DEPUTADO ALVARO GAUDENCIO, 54 CENTRO. 58580-000 Serra Branca - PB.;Serra Branca;PB;05ª GRE (Monteiro)
110bb708-ed9b-4558-b3d4-48739b5b2597;25048880;EEEM SENADOR JOSE GAUDENCIO;RUA BOAVENTURA CAVALCANTE NETO, 79 CENTRO. 58580-000 Serra Branca - PB.;Serra Branca;PB;05ª GRE (Monteiro)
054e1135-6526-413a-ba35-f212bbafefd4;25049372;ECI MANOEL HONORATO SOBRINHO;RUA PROJETADA, SN CENTRO. 58588-000 Coxixola - PB.;Coxixola;PB;05ª GRE (Monteiro)
37aa1fcb-d94a-4af5-8d9e-dff5bab0dfb5;25049496;ECIT JOSE GONCALVES DE QUEIROZ;RUA PROFESSORA GUIOMAR COELHO, 201 PEDREGAL. 58540-000 Sumé - PB.;Sumé;PB;05ª GRE (Monteiro)
a9259ca6-ddc3-4c9d-8a55-45691ba5ddd1;25049640;ECI DE AMPARO;RUA VEREADOR CICERO SOARES, 62 CENTRO. 58548-000 Amparo - PB.;Amparo;PB;05ª GRE (Monteiro)
7b5052a6-8da1-40e8-a075-6a4899e5aaa8;25050427;ECI JOAO ROGERIO DIAS TOLEDO;RUA CANDIDO PEREIRA BRITO, SN ESCOLA. CONJUNTO HABITACIONAL JOSE DE ASSIS PIMENTA. 58685-000 Assunção - PB.;Assunção;PB;03ª GRE (Campina Grande)
3a2aa645-c61c-4bc1-b5e8-ce31d83a9012;25050435;ECIT MELQUIADES VILAR;RUA ISMENIA MACHADO, 38 SANTO ANTONIO. 58680-000 Taperoá - PB.;Taperoá;PB;03ª GRE (Campina Grande)
4cdb17d7-9ba5-482f-9e4b-53f738003aa3;25050486;EEEFM FELIX DALTRO;PRACA JOAO PESSOA, 200 CENTRO. 58680-000 Taperoá - PB.;Taperoá;PB;03ª GRE (Campina Grande)
d57117bb-308a-46fd-bf6a-922bebc205e0;25051296;ECI MELQUIADES TEJO;RUA TENENTE PEDROSA, 161 CENTRO. 58483-000 Barra de São Miguel - PB.;Barra de São Miguel;PB;15ª GRE (Queimadas)
6beb7466-fcb3-4cd1-be25-df5940c07430;25051580;ECIT CONSELHEIRO JOSE BRAZ DO REGO;AV NOSSA SENHORA DO DESTERRO, NULL CENTRO. 58450-000 Boqueirão - PB.;Boqueirão;PB;03ª GRE (Campina Grande)
a5e2606e-0ec9-45be-aad8-37ac7d6066b6;25051598;ECIT PROFESSORA MARIA CECILIA DE CASTRO;AVENIDA SAO JOSE, 523 PREDIO. CENTRO. 58460-000 Alcantil - PB.;Alcantil;PB;15ª GRE (Queimadas)
ed576b67-8d8c-44c1-967d-1f763e786f86;25051652;EEEF PROFESSORA TEREZINHA LEAL;DISTRITO DO MARINHO, MARINHO. 58450-000 Boqueirão - PB.;Boqueirão;PB;15ª GRE (Queimadas)
9e607fee-b79e-498f-9423-4021ac9ce589;25051660;ECI ANA FERREIRA DA COSTA;PRACA SANTO ANTONIO, 80 CENTRO. 58465-000 Riacho de Santo Antônio - PB.;Riacho de Santo Antônio;PB;03ª GRE (Campina Grande)
bdfdba95-7a68-4a0c-94c9-fc3dfc303751;25052497;ECI ALMIRANTE ANTONIO HERACLITO DO REGO;RUA ELVIRA AMORIM, SN CENTRO. 58458-000 Barra de Santana - PB.;Barra de Santana;PB;03ª GRE (Campina Grande)
f03e5222-566c-4618-9a8b-c41c6560d4a5;25052802;ECI FELIX ARAUJO;RUA JOAO QUEIROGA, SN CENTRO. 58455-000 Caturité - PB.;Caturité;PB;03ª GRE (Campina Grande)
c6369de1-e150-4f48-89ba-7b899a28938d;25053124;ECIT ALCIDES BEZERRA;RUA PRACA GENERAL JOSE PESSOA, 80 ESCOLA. CENTRO HISTORICO. 58480-000 Cabaceiras - PB.;Cabaceiras;PB;03ª GRE (Campina Grande)
d486da6b-f651-4e81-9013-727f9ae5fae3;25053159;EEEFM CLOVIS PEDROSA;PRACA FRANCISCO PEREIRA DUARTE, SN ZONA RURAL. DISTRITO DE RIBEIRA. 58480-000 Cabaceiras - PB.;Cabaceiras;PB;
75f0239f-22f3-429a-bb2f-bae679257a1d;25053493;ECIT FRANCISCO DEODATO DO NASCIMENTO;AVENIDA AUGUSTO FERNANDES DE OLIVEIRA, SN PREDIO ESCOLAR. CRUZEIRO. 58485-000 São Domingos do Cariri - PB.;São Domingos do Cariri;PB;03ª GRE (Campina Grande)
dcd2ed3b-a8a9-470f-b4cd-e3d0682a2e8d;25053728;ECIT JUAREZ MARACAJA;RUA ALFREDO TEIXEIRA DE FREITAS, 281 PEDREGAL. 58670-000 Gurjão - PB.;Gurjão;PB;05ª GRE (Monteiro)
f275dbae-edae-4011-a66c-43c090eaaf59;25054023;ECIT PROFESSORA NEIR ALVES PORTO;RUA EULALIA DE MEDEIROS PORTO, SN PREDIO. CENTRO. 58675-000 Santo André - PB.;Santo André;PB;05ª GRE (Monteiro)
b80d023a-02a9-4c1a-b078-f9d604bef53c;25054155;EEEF SEVERINO MEDEIROS RAMOS;RUA VICENTE MECIADO, SN MALHADA DA ROCA. ZONA RURAL. 58590-000 São João do Cariri - PB.;São João do Cariri;PB;
355a8100-2fde-4638-8f51-ee7eb4b0706d;25054180;ECIT JORNALISTA JOSE LEAL RAMOS;ALTO DO CRUZEIRO, SN CENTRO. 58590-000 São João do Cariri - PB.;São João do Cariri;PB;05ª GRE (Monteiro)
b70e3eb5-372e-401f-8653-83591ed26d39;25054490;ECI CEL SERVELIANO DE FARIAS CASTRO;RUA EXPEDICIONARIO LUIS TENORIO LEAO, 574 PREDIO. CENTRO. 58595-000 Caraúbas - PB.;Caraúbas;PB;05ª GRE (Monteiro)
d40e3e71-7305-4e0d-afc8-43c47ebb4e78;25054767;EEEFM ANESIO DEODONIO MORENO;RUA HERMES LIRA, 154 ESCOLA. CENTRO. 58396-000 Arara - PB.;Arara;PB;03ª GRE (Campina Grande)
166fd430-57a9-4e62-8098-4f08525b0045;25054783;ECI MONSENHOR JOSE PAULINO;RUA SENADOR RUY CARNEIRO, 30 CENTRO. 58396-000 Arara - PB.;Arara;PB;03ª GRE (Campina Grande)
38d1c5e9-5541-4eec-b80b-04395c99f142;25055046;ECIT JOSE LUIZ NETO;RUA PREFEITO JOAO INACIO DA SILVA, 170 CENTRO. 58170-000 Barra de Santa Rosa - PB.;Barra de Santa Rosa;PB;04ª GRE (Cuité)
0fd51f82-0d37-44a1-8f26-4f1cb3580cb9;25055062;EEEF PROF JOSE COELHO;PRACA FREI MARTINHO, 170 CENTRO. 58170-000 Barra de Santa Rosa - PB.;Barra de Santa Rosa;PB;
cc3a9ede-e272-476d-a569-91ae9b906cb7;25055836;ECI ORLANDO VENANCIO DOS SANTOS;RUA 15 DE NOVEMBRO, SN CENTRO. 58175-000 Cuité - PB.;Cuité;PB;04ª GRE (Cuité)
0610d437-7392-4aee-8eed-aa7e82e6ebc6;25055852;EEEFM ANDRE VIDAL DE NEGREIROS;CAETANO DANTAS CORREA, 222 INSTITUICAO DE ENSIN. CENTRO. 58175-000 Cuité - PB.;Cuité;PB;04ª GRE (Cuité)
18006ff9-2765-48fa-baa6-bb68194293f2;25056581;ECI JOSE VITORINO DE MEDEIROS;RUA ELIEZER FRANCISCO DOS SANTOS, 1447 CENTRO. 58177-000 Sossêgo - PB.;Sossêgo;PB;04ª GRE (Cuité)
4c28bda9-0448-4b5c-96c3-2308eb636914;25056611;EEEF DEP JOSE PEREIRA;RUA JOSE RUFINO, 605 CASA. CENTRO. 58178-000 Nova Floresta - PB.;Nova Floresta;PB;04ª GRE (Cuité)
484f2d7f-e8e7-4739-82ad-ab1fedd4167f;25056620;ECIT JOSE ROLDERICK DE OLIVEIRA;RUA DAMIAO PEDRO DE LIMA SN NOVA FLORESTA PB, 00 SILVESTRE GARCIA. 58178-000 Nova Floresta - PB.;Nova Floresta;PB;04ª GRE (Cuité)
5e98132d-ea80-407b-853e-371e54d04db5;25057146;ECIT ANTONIO GALDINO FILHO;RUA JOSE JOAQUIM DO NASCIMENTO, S N IVO BENICIO. 58150-000 Pocinhos - PB.;Pocinhos;PB;03ª GRE (Campina Grande)
5357931b-d796-450d-bc75-4de20466e4d7;25057820;ECIT JOSE BRONZEADO SOBRINHO;AV JOAQUIM CAVALCANTE DE MORAIS, SN CENTRO. 58398-000 Remígio - PB.;Remígio;PB;03ª GRE (Campina Grande)
4892d3ef-cda3-422c-9e36-181e6a26b8ef;25057839;EEEFM DOUTOR CUNHA LIMA;RUA IDELFONSO JARDELINO DA COSTA 75, CENTRO. 58398-000 Remígio - PB.;Remígio;PB;03ª GRE (Campina Grande)
8290fec1-a65b-40c2-ae40-d7cdbf0d151c;25058304;ECIT DOUTOR TRAJANO NOBREGA;JOSE RUFINO DE CARVALHO, SN JARDIM CRUZEIRO. 58155-000 Soledade - PB.;Soledade;PB;03ª GRE (Campina Grande)
5163dfb4-569f-462c-a57c-a098929fac15;25058371;EEEM PADRE JOSE ANTONIO MARIA IBIAPINA;RUA JOSE CHAGAS DE BRITO, 2 CENTRO. CENTRO. 58155-000 Soledade - PB.;Soledade;PB;03ª GRE (Campina Grande)
0ce2f842-6f91-47f2-a164-32f73ea39f82;25058975;ECIT BENJAMIN MARANHAO;RUA LUIS TARGINO MOREIRA, 300 CENTRO. 58233-000 Araruna - PB.;Araruna;PB;02ª GRE (Guarabira)
b9d9952e-99a6-4724-b705-adb833c7854f;25058991;ECI PEDRO RIBEIRO DE LIMA;VENANCIO TOMAZ DE AQUINO, SN PROXIMO A IGREJA SAN. CENTRO. 58235-000 Riachão - PB.;Riachão;PB;02ª GRE (Guarabira)
fdce54f2-f4c2-41e5-b1c2-227728f9a2e1;25059017;EEEM TARGINO PEREIRA;PRACA JOAO PESSOA, 150 PREDIO ESCOLAR. CENTRO. 58233-000 Araruna - PB.;Araruna;PB;02ª GRE (Guarabira)
dd596c6f-5f97-4192-aed6-e8af9b368a02;25059610;EEEF PERILO DE OLIVEIRA;PRACA PERILO DE OLIVEIRA, 40 ESCOLA. CENTRO. 58230-000 Cacimba de Dentro - PB.;Cacimba de Dentro;PB;02ª GRE (Guarabira)
b07dd4bf-8500-4486-beac-20d49315d602;25059629;ECI HUMBERTO LUCENA;RUA MANOEL OLEGARIO DA SILVA, SN TERREO. SANTO ANTONIO. 58230-000 Cacimba de Dentro - PB.;Cacimba de Dentro;PB;02ª GRE (Guarabira)
9edf5ced-b150-4b2b-b462-e3c4b6d0b8a2;25060058;ECI GOVERNADOR CLOVIS BEZERRA CAVALCANTI;RUA PROFESSOR ODILON MATIAS DE ARAUJO, 156 CENTRO. 58228-000 Dona Inês - PB.;Dona Inês;PB;02ª GRE (Guarabira)
7f941d7a-284e-4826-96f3-63507be07a0e;25060376;ECIT ALFREDO PESSOA DE LIMA;RUA LUIZ FERREIRA DE MELO, SN CENTRO. 58225-000 Solânea - PB.;Solânea;PB;02ª GRE (Guarabira)
b5035303-7748-4a03-bb6d-491e26f743bf;25060384;EEEFM CELSO CIRNE;SAO JOSE, SN PREDIO. CENTRO. 58225-000 Solânea - PB.;Solânea;PB;02ª GRE (Guarabira)
c3ca0448-d834-49b9-a7a3-a69c5965629e;25060392;EEEF PADRE GERALDO DA S PINTO;RUA JOAO MARCELINO PEREIRA, 91 CENTRO. 58225-000 Solânea - PB.;Solânea;PB;02ª GRE (Guarabira)
9cf1b603-47d3-4d9e-a7c1-5852e53495bb;25060406;EEEM ARLINDO RAMALHO;RUA CELSO CIRNE, 488 CENTRO. 58225-000 Solânea - PB.;Solânea;PB;02ª GRE (Guarabira)
5c74f3c1-dc27-48b2-aa3f-690435ec06f4;25060996;ECI DOUTOR TERCILIO TEIXEIRA DA CRUZ;RUA 31 DE MARCO, 582 CENTRO. 58240-000 Tacima - PB.;Tacima;PB;02ª GRE (Guarabira)
b8daa91a-cb7b-4881-a417-fdba0547ef9b;25061003;EEEFM PEDRO TARGINO;PRACA PEDRO TARGINO, 255 PREDIO. CENTRO. 58240-000 Tacima - PB.;Tacima;PB;02ª GRE (Guarabira)
96302477-a35c-4794-b9b5-7e0e7a935b6e;25061402;ECI PREFEITO FRANCISCO APOLINARIO SILVA;FRANCISCO SEBASTIAO PEREIRA, 78 CENTRO. 58140-000 Areial - PB.;Areial;PB;03ª GRE (Campina Grande)
6e774477-9f5a-4cf7-8618-bb802fa4c5bd;25061720;ECIT MONSENHOR JOSE DA SILVA COUTINHO;RUA FLORIANO PEIXOTO, SN ESCOLA. CENTRO. 58135-000 Esperança - PB.;Esperança;PB;03ª GRE (Campina Grande)
2bc2261a-3a7e-431b-8590-48269b42718a;25061739;EEEFM IRINEU JOFFILY;JUVINIANO SOBREIRA, 125 CENTRO. 58135-000 Esperança - PB.;Esperança;PB;03ª GRE (Campina Grande)
9db27561-4fc2-4e0b-8413-a018073f4965;25062069;ECI MARIA JOSE DE SOUZA;RUA JOSE VERISSIMO DE SOUZA, 197 CENTRO. 58145-000 Montadas - PB.;Montadas;PB;03ª GRE (Campina Grande)
dcabf0f1-5e99-41ce-a76e-769aec048c6b;25062220;ECI MONSENHOR JOSE BORGES;RUA LAURA DONATO DE ARAUJO, SN CENTRO. 58119-000 São Sebastião de Lagoa de Roça - PB.;São Sebastião de Lagoa de Roça;PB;03ª GRE (Campina Grande)
5a78f18e-1dea-4692-9a28-318a92bfd281;25062239;EEEF ELIDIO SOBREIRA;RUA JOSE RODRIGUES COURA, 21 CENTRO. 58119-000 São Sebastião de Lagoa de Roça - PB.;São Sebastião de Lagoa de Roça;PB;03ª GRE (Campina Grande)
496c6838-25b5-45f0-abde-b871b3d80f88;25062638;EEEFM PADRE HILDON BANDEIRA;RUA PRESIDENTE JOAO PESSOA, 1485 PREDIO. CENTRO. 58388-000 Alagoa Grande - PB.;Alagoa Grande;PB;03ª GRE (Campina Grande)
12e77039-a77b-4ea8-9f87-5c9e8c39d1dc;25062670;EEEF DEMONSTRACAO ALAGOA GRANDE;RUA CONEGO FIRMINO CAVALCANTE, 959 EM FRENTE A PREFEITU. CENTRO. 58388-000 Alagoa Grande - PB.;Alagoa Grande;PB;03ª GRE (Campina Grande)
3ef5bb8b-b84a-420d-a6aa-54e1baf568cc;25062816;ECIT OSWALDO TRIGUEIRO DE ALBUQUERQUE MELO;RUA RUI BARBOSA, SN CENTRO. 58388-000 Alagoa Grande - PB.;Alagoa Grande;PB;03ª GRE (Campina Grande)
7700a64f-e927-45c2-8015-c0b45d56a8ed;25063340;ECIT MONSENHOR JOSE BORGES DE CARVALHO;RUA MARIA LIMA MARACAJA, 85 CENTRO. 58125-000 Alagoa Nova - PB.;Alagoa Nova;PB;03ª GRE (Campina Grande)
29573a2b-a31f-4b97-b0e4-d09833545ef2;25063359;EEEFM DESEMBARGADOR ARTHUR VIRGINIO DE MOURA;AV MONS JOSE BORGES DE CARVALHO, SN CENTRO. 58128-000 Matinhas - PB.;Matinhas;PB;03ª GRE (Campina Grande)
a3cde008-e741-4dfe-bcc0-c9556bc89e09;25063405;ECIT POETA MARIO VIEIRA DA SILVA;ST CAMARA, SN ZONA RURAL. 58128-000 Matinhas - PB.;Matinhas;PB;03ª GRE (Campina Grande)
dd6a14b5-d3d5-4cec-bea5-3dd5b76e830d;25063421;EEEFM PROFESSOR CARDOSO;AVENIDA SAO SEBASTIAO, 266 VIZINHO AO HOSPITAL. CENTRO. 58125-000 Alagoa Nova - PB.;Alagoa Nova;PB;03ª GRE (Campina Grande)
8f9c44e6-a272-46a5-8602-61877ccd90fa;25064126;EEEFM CARLOTA BARREIRA;PRACA MONSENHOR RUY BARREIRA VIEIRA, SN CENTRO. 58397-000 Areia - PB.;Areia;PB;03ª GRE (Campina Grande)
3c59cd0a-f9a8-453f-8de9-ffbe487223bd;25064134;ECIT MINISTRO JOSE AMERICO DE ALMEIDA;PRACA MINISTRO JOSE AMERICO, 321 PROXIMO A IGREJA DO. CENTRO. 58397-000 Areia - PB.;Areia;PB;03ª GRE (Campina Grande)
21c3bd6c-50f9-41e4-a489-4affbfa048cc;25064142;EEEFM ALVARO MACHADO;RUA FLORIANO PEIXOTO, 00 CENTRO. 58397-000 Areia - PB.;Areia;PB;03ª GRE (Campina Grande)
80fab59c-be2f-4ee1-9d58-a3d1909d908b;25064169;EEEF MONSENHOR JOAO COUTINHO;RUA MANOEL DA SILVA, 374 PREDIO. PEDRO PERAZZO. 58397-000 Areia - PB.;Areia;PB;03ª GRE (Campina Grande)
3fbc578f-fe73-4c43-83a9-deca79d898cd;25064894;ECIT JOSE ROCHA SOBRINHO;AVENIDA GOVERNADOR PEDRO MORENO GONDIM, 00 CONJUNTO MAJOR AUGUSTO BEZERRA. 58220-000 Bananeiras - PB.;Bananeiras;PB;02ª GRE (Guarabira)
08186850-b4ea-4cec-b964-4656e42164e4;25065025;EEEM PROFESSOR PEDRO A DE ALMEIDA;AVENIDA ALUISIO BARBOSA, 0 SITIO BURACO. 58220-000 Bananeiras - PB.;Bananeiras;PB;02ª GRE (Guarabira)
929931cd-d349-461a-8ab8-0d9c16f8fa00;25065513;ECIT EFIGENIO LEITE;AVENIDA SENADOR HUMBERTO LUCENA, SN PROXIMO AO CAMPO DE. CENTRO. 58394-000 Borborema - PB.;Borborema;PB;02ª GRE (Guarabira)
7d05270c-830d-4150-82d5-6c321e5b0273;25065726;ECI ANTONIETA CORREIA DE MENEZES;RUA LUIZ GREGORIO DA SILVA, 00 CONJUNTO CRISTINA MU. CENTRO. 58393-000 Pilões - PB.;Pilões;PB;02ª GRE (Guarabira)
3a4f1e2f-6019-4428-9644-58e0df4d8af8;25065742;EEEFM DOM SANTINO COUTINHO;RUA NORBERTO BARACUHY, 269 PREDIO. CENTRO. 58393-000 Pilões - PB.;Pilões;PB;02ª GRE (Guarabira)
b2318db4-2570-41c3-9cd6-73244d5e2e38;25066013;ECI ANTONIO BENTO;RUA ADALGISA CAVALCANTE, 328 PREDIO. CENTRO. 58395-000 Serraria - PB.;Serraria;PB;02ª GRE (Guarabira)
42a8d342-d63c-4f0e-8aa3-7abfea9198f3;25066021;EEEF FRANCISCO DUARTE;PRACA SENADOR GAMA E MELO, SN CENTRO. 58395-000 Serraria - PB.;Serraria;PB;02ª GRE (Guarabira)
58c88cb6-456c-4a0a-ac56-29250e375fdc;25066374;ECIT AGENOR CLEMENTE DOS SANTOS;RUA MOURA FILHO, SN CONJUNTO SEBASTIAO V. CENTRO. 58390-000 Alagoinha - PB.;Alagoinha;PB;02ª GRE (Guarabira)
8714e0fe-126a-454b-a91e-ed449d0f15da;25066668;EEEM RODRIGUES DE CARVALHO;RUA PROFESSORA MARIA DO CARMO, 2 ESCOLA. CENTRO. 58270-000 Araçagi - PB.;Araçagi;PB;02ª GRE (Guarabira)
78040b72-b08c-4fc3-a4b8-7c9b518adcf6;25066676;ECI FRANCISCO PESSOA DE BRITO;AVENIDA OLIVIO MAROJA SN ARACAGI PB, SN SAO SEBASTIAO. 58270-000 Araçagi - PB.;Araçagi;PB;02ª GRE (Guarabira)
94c9b6a8-eec2-4c87-a3d7-fbd76d154b53;25067133;ECIT ENGENHEIRA MARCIA GUEDES ALCOFORADO DE CARVALHO;RUA 1 DE MAIO, 220 CENTRO. 58255-000 Belém - PB.;Belém;PB;02ª GRE (Guarabira)
eb317578-d78c-4bc5-8104-ef86bdf6c7da;25067141;EEEFM FELINTO ELIZIO;RUA SOLON DE LUCENA, 100 ESCOLA. CENTRO. 58255-000 Belém - PB.;Belém;PB;02ª GRE (Guarabira)
1f9824ca-f7b0-486a-a0ad-7a249c323668;25067460;ECIT PROFESSORA MARIA GERTRUDES DE CARVALHO NEVES;RUA ANTENOR NAVARRO, SN PREDIO. CENTRO. 58253-000 Caiçara - PB.;Caiçara;PB;02ª GRE (Guarabira)
fd097961-2a6d-4cc4-8689-00be7d36f22e;25067478;EEEF DOUTOR JOAO SOARES;AV FRANCISCO CARNEIRO-, 01 PREDIO ESCOLAR. CENTRO. 58253-000 Caiçara - PB.;Caiçara;PB;02ª GRE (Guarabira)
6d1a4d4a-b3a8-4184-b396-da35dae094b8;25067737;ECI PREFEITO JOSE ANTONIO NEVES;RUA FRANCISCO XAVIER DE OLIVEIRA, 21 ESCOLA. CENTRO. 58254-000 Logradouro - PB.;Logradouro;PB;02ª GRE (Guarabira)
d4fc10e9-5563-462b-bded-9f3c5c65e443;25067869;ECI ODILON NELSON DANTAS;RUA JOSE MARINHO DE LUCENA, 20 SANTO ANTONIO. 58208-000 Cuitegi - PB.;Cuitegi;PB;02ª GRE (Guarabira)
7cacb27a-1e08-4370-a3be-06b2b3e648cf;25068075;ECI SAGRADO CORACAO DE JESUS;RUA NOVA, SN CENTRO. 58265-000 Duas Estradas - PB.;Duas Estradas;PB;02ª GRE (Guarabira)
d16dae13-3237-4549-826d-8341978e771b;25068083;EEEF FRANCISCO COSTA;RUA COSTA FILHO, 140 CASA. CENTRO. 58265-000 Duas Estradas - PB.;Duas Estradas;PB;02ª GRE (Guarabira)
1f1ef641-2288-4d03-ac60-c88a4ad931ec;25068342;ECI JOAO DE FREITAS MOUZINHO;RUA JOAO DE FREITAS MOUZINHO, SN CENTRO. 58268-000 Sertãozinho - PB.;Sertãozinho;PB;02ª GRE (Guarabira)
0977e093-506f-4827-a588-dd434318dce9;25068628;ECIT MONSENHOR EMILIANO DE CRISTO;RUA JOAO LORDAO, 125 NORDESTE LL. 58200-000 Guarabira - PB.;Guarabira;PB;02ª GRE (Guarabira)
167f3612-728d-410e-8eba-0450eecf5b79;25068636;ECI JOSE SOARES DE CARVALHO;RUA HENRIQUE PACIFICO, 45 PRIMAVERA. 58200-000 Guarabira - PB.;Guarabira;PB;02ª GRE (Guarabira)
a033fed7-ef4d-42f0-8234-bd3e73fcc3b0;25068644;EEEFM ANTENOR NAVARRO;RUA PREFEITO MANOEL LORDAO, 161 ESCOLA. CENTRO. 58200-000 Guarabira - PB.;Guarabira;PB;02ª GRE (Guarabira)
f426e885-608c-44b1-9c2f-fb822bc93e0f;25068652;EEEF PROFESSOR ANTONIO BENVINDO;RUA PREFEITO MANOEL LORDAO, 161 CENTRO. 58200-000 Guarabira - PB.;Guarabira;PB;02ª GRE (Guarabira)
f5924b52-b676-4e18-893c-5afc48e6d615;25068660;EEEF DEPUTADO GUSTAVO AMORIM DA COSTA;RUA OSEAS AMARAL, 133 CORDEIRO. 58200-000 Guarabira - PB.;Guarabira;PB;02ª GRE (Guarabira)
a11af81e-f696-48e6-b68a-a5c96674144c;25068695;EEEF DESEMBARGADOR PEDRO BANDEIRA;RUA CORONEL JOSE MAURICIO DA COSTA, SN CONJ ASSIS CHATEAUBRIAND. 58200-000 Guarabira - PB.;Guarabira;PB;02ª GRE (Guarabira)
b6312769-522f-4742-bd46-016482856b78;25068709;EEEM JOHN KENNEDY;RUA JOHN KENNEDY, 515 NOVO. 58200-000 Guarabira - PB.;Guarabira;PB;02ª GRE (Guarabira)
1b0e5bc9-aab9-425a-9074-2ef8b4aeed21;25068717;EEEF ABDON MIRANDA;FAZENDA SAO JOSE DO MIRANDA, SN SITIO. ZONA RURAL. 58200-000 Guarabira - PB.;Guarabira;PB;
ba0559fb-6c46-471d-8c06-69a487b62926;25068725;EEEM PROFESSOR EDGARDO JULIO;RUA HERMENEGILDO CUNHA, SN NORDESTE II. 58200-000 Guarabira - PB.;Guarabira;PB;02ª GRE (Guarabira)
84abccf0-dee9-4abd-a66a-a545392da288;25068733;EEEFM JOAO FRANCELINO DA SILVA;RUA VIRGILIO DOS PRAZERES, 210 MUTIRAO. 58200-000 Guarabira - PB.;Guarabira;PB;02ª GRE (Guarabira)
dce20357-3fa4-4663-aff1-be6b8d931468;25069357;ECIT IVAN BICHARA SOBREIRA;8JHC+8XV Lagoa de Dentro, Paraíba;Lagoa de Dentro;PB;14ª GRE (Mamanguape)
a6e09c19-de05-4e40-81be-d1514fce297f;25069373;EEEFM GETULIO VARGAS;RUA DO COMERCIO, 55 AO LADO DA DELEGACIA. CENTRO. 58250-000 Lagoa de Dentro - PB.;Lagoa de Dentro;PB;14ª GRE (Mamanguape)
6fecfb12-69a8-46ff-8914-106543148cf3;25069675;ECIT MAJOR ANTONIO DE AQUINO;ESTRADA DE ACESSO A ALAGOINHA, SN CENTRO. 58354-000 Mulungu - PB.;Mulungu;PB;02ª GRE (Guarabira)
eee0c776-a4ea-46e0-9b45-76da45d5d4be;25069683;EEEFM JARDILINA CRUZ PEREIRA;FAZENDA CACHOEIRINHA, SN ESCOLA. ZONA RURAL. 58354-000 Mulungu - PB.;Mulungu;PB;
6f563ae4-3211-466f-918a-3222233993ce;25069713;EEEF DE LOURENCO;POVOADO DE LOURENCO, SN ZONA RURAL. 58354-000 Mulungu - PB.;Mulungu;PB;
c05abc34-3f3b-4f71-8c17-622cc4d4eeff;25069721;EEEF D AMARO BELTRAO;RUA MONTE ALEGRE, 23 CENTRO. 58354-000 Mulungu - PB.;Mulungu;PB;02ª GRE (Guarabira)
68e454ef-3910-418a-af83-8065332680cd;25070088;ECI SILVIO PORTO;RUA MANOEL ALVES DE SOUZA, 309 CENTRO. 58210-000 Pilõezinhos - PB.;Pilõezinhos;PB;02ª GRE (Guarabira)
80e6d283-b35b-4777-9236-8f7440884224;25070290;EEEFM MONSENHOR WALFREDO LEAL;RUA PROFESSOR ANTONIO FLORENTINO, SN CENTRO. 58213-000 Pirpirituba - PB.;Pirpirituba;PB;02ª GRE (Guarabira)
6c3acfd9-1063-4796-89b2-a3fb6b5ba02b;25070304;EEEF BELMIRA ARRUDA ALCOFORADO;RUA NOVA DESCOBERTA, SN PREDIO. CENTRO. 58268-000 Sertãozinho - PB.;Sertãozinho;PB;02ª GRE (Guarabira)
5185e401-63ab-4744-bd1e-33e6770b3f37;25070312;ECI AUGUSTO DE ALMEIDA;RUA SOLON DE LUCENA, 387 CENTRO. 58213-000 Pirpirituba - PB.;Pirpirituba;PB;02ª GRE (Guarabira)
ae0c55f6-8c2c-44fc-9c31-071ceb71e996;25070576;ECIT MARIA JOSE MIRANDA BURITY;RUA MAJOR COSTA, SN LOGRADOURO. CENTRO. 58260-000 Serra da Raiz - PB.;Serra da Raiz;PB;02ª GRE (Guarabira)
ac0d29fc-8d23-4aad-9feb-5da4b2b711cc;25070584;EEEF PADRE EMIDIO FERNANDES;LARGO DA MATRIZ, 76 PREDIO ESCOLAR. CENTRO. 58260-000 Serra da Raiz - PB.;Serra da Raiz;PB;02ª GRE (Guarabira)
365ce0b8-3744-46db-8431-876861d2635e;25070703;EEEFM CAIC JOSE JOFILLY;RUA JOSE MARQUES FERREIRA, 100 MALVINAS. 58432-545 Campina Grande - PB.;Campina Grande;PB;03ª GRE (Campina Grande)
6accf6f3-9ced-42ee-8ca2-5549fcc20ed0;25071394;ECI MONSENHOR SALES;RUA VEREADOR ANTONIO ALVES PIMENTEL, 317 XXXXXX. CENTRO. 58446-000 Campina Grande - PB.;Campina Grande;PB;
85b653b2-68e2-48c5-ad50-6d765483328b;25071939;ECI AUDIOCOMUNICACAO DE CAMPINA GRANDE DEMOSTENES CUNHA LIMA;RUA PROFESSORA EUTECIA VITAL RIBEIRO, SN CATOLE. 58410-205 Campina Grande - PB.;Campina Grande;PB;03ª GRE (Campina Grande)
7ddd6f24-5252-41a9-9adc-f057390c3574;25072005;EEEFM ADEMAR VELOSO SILVEIRA;RUA JOAO VIRGOLINO DE ARAUJO, 1043 BODOCONGO. 58430-385 Campina Grande - PB.;Campina Grande;PB;03ª GRE (Campina Grande)
74a7b9fe-8f94-4f78-8028-66968fd0a6c6;25072013;ECIT PROFESSOR RAUL CORDULA;RUA GABIO JOSE DE OLIVEIRA ARAUJO, SN CRUZEIRO. 58415-565 Campina Grande - PB.;Campina Grande;PB;03ª GRE (Campina Grande)
24b4ac1a-f98d-4797-9d92-cfb69b2884ef;25072021;EEEFM SENADOR ARGEMIRO DE FIGUEIREDO;AV ELPIDIO DE ALMEIDA, 25 CATOLE. 58410-215 Campina Grande - PB.;Campina Grande;PB;03ª GRE (Campina Grande)
282a8d66-6825-4770-b2bd-ff3fc03fc619;25072030;ECIT NENZINHA CUNHA LIMA;RUA FERNANDES VIEIRA, SN JOSE PINHEIRO. 58407-490 Campina Grande - PB.;Campina Grande;PB;03ª GRE (Campina Grande)
3a70aa0c-bb33-4b99-9075-43c2e20f01c0;25072056;EEEFM POETA CARLOS DRUMOND DE ANDRADE;RUA CAICO, SN MALVINAS. 58433-140 Campina Grande - PB.;Campina Grande;PB;03ª GRE (Campina Grande)
85af381c-af44-4b22-b107-c7907fc2680e;25072064;EEEFM MARIA AUGUSTA LUCENA BRITO;R PEDRO ACACIO GALVAO, SN ZONA RURAL. SITIO LUCAS. 58430-991 Campina Grande - PB.;Campina Grande;PB;
3e5ebef8-e74d-4c31-a5ea-d2a0c22f69b4;25072080;EEEFM NINA ALVES DE LIMA;RUA FRANCISCO ROSA DE FARIAS, SN MONTE SANTO. 58400-710 Campina Grande - PB.;Campina Grande;PB;03ª GRE (Campina Grande)
966e55cf-6ad3-4871-a0b0-29bac425f5d4;25072099;ECI ASSIS CHATEAUBRIAND;AVENIDA TAVARES, 2500 SANTO ANTONIO. 58406-175 Campina Grande - PB.;Campina Grande;PB;03ª GRE (Campina Grande)
b8cc4b3b-5474-41f7-9859-de627faa5126;25072102;ECI DEPUTADO ALVARO GAUDENCIO DE QUEIROZ;RUA DOS JUCAS, SN MALVINAS. 58432-599 Campina Grande - PB.;Campina Grande;PB;03ª GRE (Campina Grande)
cbf9674c-14d7-4b6f-a4fb-dc90d57c42d8;25072110;ECI FELIX ARAUJO;SEVERINO PIMENTEL, SN LIBERDADE. 58414-150 Campina Grande - PB.;Campina Grande;PB;03ª GRE (Campina Grande)
f6aa5c2c-ebc1-45a7-9b11-fbf13995083c;25072129;EEEFM SAO SEBASTIAO;RUA ESTELITA CRUZ, 307 AO LADO DO SEMINARIO. ALTO BRANCO. 58401-470 Campina Grande - PB.;Campina Grande;PB;03ª GRE (Campina Grande)
8b1f1fbf-dbd1-48b0-b9cb-96fe47ffbf3a;25072137;ECIT PROFESSOR ANESIO LEAO;RUA XV DE NOVEMBRO, SN PALMEIRA. 58401-075 Campina Grande - PB.;Campina Grande;PB;03ª GRE (Campina Grande)
884d0abe-3e29-47f8-8703-77c1fb6292a9;25072145;EEEFM DOM LUIZ GONZAGA FERNANDES;RUA DAS PITOMBEIRAS, SN MALVINAS. 58432-791 Campina Grande - PB.;Campina Grande;PB;03ª GRE (Campina Grande)
2dad720e-765e-407e-bea2-a88a10cd2201;25072153;ECIT SEVERINO CABRAL;RUA JOAQUIM AMORIM JUNIOR, SN BODOCONGO. 58430-200 Campina Grande - PB.;Campina Grande;PB;03ª GRE (Campina Grande)
d7907730-0202-4acd-86e2-dd00a5f20cb6;25072161;EEEF NOSSA SENHORA DO ROSARIO;RUA NILO PECANHA, 250 PRATA. 58400-515 Campina Grande - PB.;Campina Grande;PB;03ª GRE (Campina Grande)
be94a0ec-4b61-46d9-982e-223604cd63a7;25072196;EEEF ANTONIO VICENTE;RUA SILVA JARDIM, 1196 PREDIO. JOSE PINHEIRO. 58407-333 Campina Grande - PB.;Campina Grande;PB;03ª GRE (Campina Grande)
5cbb6c69-a8f2-40f9-b345-bc23e07e4750;25072200;EEEF AUGUSTO DOS ANJOS;RUA PARAIBA, 240 LIBERDADE. 58410-066 Campina Grande - PB.;Campina Grande;PB;03ª GRE (Campina Grande)
11525377-3603-4b60-9db2-c22270dce9da;25072218;EEEFM CLEMENTINO PROCOPIO;RUA FELIPE CAMARAO, 168 SAO JOSE. 58400-366 Campina Grande - PB.;Campina Grande;PB;03ª GRE (Campina Grande)
5de8e710-ce92-4f59-a349-68dd0a9987c7;25072226;EEEF DE APLICACAO;RUA JOAO LELIS, SN CATOLE. 58410-185 Campina Grande - PB.;Campina Grande;PB;03ª GRE (Campina Grande)
f3d53b1f-9304-42f5-a52b-1f3aff599ad1;25072234;EEEFM MONTE SANTO;RUA DIOGO DA COSTA, 305 NENHUM. MONTE SANTO. 58400-733 Campina Grande - PB.;Campina Grande;PB;03ª GRE (Campina Grande)
65e95c06-921b-47f2-9ef1-c6592b50ee56;25072242;EEEFM JOSE PINHEIRO;RUA JOANA D ARC FERREIRA DE ARRUDA, 937 ESCOLA. JOSE PINHEIRO. 58407-382 Campina Grande - PB.;Campina Grande;PB;03ª GRE (Campina Grande)
547a1b90-0bd1-407d-8c26-ba753026cc2e;25072277;ECI MONTE CARMELO;RUA PROFESSOR CARLOS FRANCISCO MEDEIROS DE ALMEIDA, SN BELA VISTA. 58428-700 Campina Grande - PB.;Campina Grande;PB;03ª GRE (Campina Grande)
11bd2c67-fa3f-430e-80e3-a5c64b1363e1;25072285;EEEFM MURILO BRAGA;RUA SANTA FILOMENA, SN LIBERDADE. 58414-020 Campina Grande - PB.;Campina Grande;PB;03ª GRE (Campina Grande)
5241a65e-4ace-4316-8850-274965dc9ebd;25072293;EEEFM NOSSA SENHORA APARECIDA;RUA ROSA MARIA BANDEIRA DA SILVA, SN MUTIRAO. 58436-108 Campina Grande - PB.;Campina Grande;PB;03ª GRE (Campina Grande)
4a81cfef-8df0-487d-b16b-10496b820b90;25072307;ECI SOLON DE LUCENA;RUA PREFEITO ERNANI LAURITZEN, SN CENTRO. 58400-133 Campina Grande - PB.;Campina Grande;PB;03ª GRE (Campina Grande)
4feae163-e8b1-4ec9-873c-d6825ab0bc27;25072315;EEEF SANTO ANTONIO;RUA FRANCISCO ANTONIO DO NASCIMENTO, 1078 PREDIO. CASTELO BRANCO. 58406-180 Campina Grande - PB.;Campina Grande;PB;03ª GRE (Campina Grande)
24d24952-d7f1-4e58-b786-42d8375653f5;25072340;EEEFM ESCRITOR ALCEU DO AMOROSO LIMA;RUA LIDIA BATISTA MARQUES, 00 PREDIO. MALVINAS. 58432-677 Campina Grande - PB.;Campina Grande;PB;03ª GRE (Campina Grande)
56bf399e-d011-4413-9a05-e65cd35d2673;25072374;EEEF MARIA EMILIA OLIVEIRA DE ALMEIDA;RUA DR FRANCISCO BRASILEIRO, SN ESCOLA. PRESIDENTE MEDICI. 58417-455 Campina Grande - PB.;Campina Grande;PB;03ª GRE (Campina Grande)
ffb9723b-09d8-4d9a-af24-82449a9a491c;25072404;EEEFM RUBENS DUTRA SEGUNDO;RUA ARQUIMEDES SOUTO MAIOR II, SN CATOLE DE BOA VISTA. 58444-000 Campina Grande - PB.;Campina Grande;PB;
7e93704b-95b5-4793-afdc-e20aff9b2901;25072412;ECI VIRGINIUS DA GAMA E MELO;RUA PENEDO, SN MALVINAS. 58433-146 Campina Grande - PB.;Campina Grande;PB;03ª GRE (Campina Grande)
84c84991-6fec-4320-b623-2bc49b2822da;25072420;ECIT DOUTOR ELPIDIO DE ALMEIDA;R DUQUE DE CAXIAS, 235 PRATA. 58400-506 Campina Grande - PB.;Campina Grande;PB;03ª GRE (Campina Grande)
65a02674-2ac1-4514-a023-f5a167b16b3b;25072439;ECI HORTENCIO SOUSA RIBEIRO;OTACILIO NEPOMUCENO, SN CATOLE. 58410-160 Campina Grande - PB.;Campina Grande;PB;03ª GRE (Campina Grande)
e9b3742b-9567-4c22-831f-a954dce43f81;25072692;EEEM PADRE EMIDIO VIANA CORREIA;AVENIDA PREFEITO SEVERINO BEZERRA CABRAL, SN CATOLE. 58410-185 Campina Grande - PB.;Campina Grande;PB;03ª GRE (Campina Grande)
4ec64d79-8fe5-4811-bae2-e2d5190a1164;25075918;ECI TEODOSIO DE OLIVEIRA LEDO;RUA PREFEITO SEVERINO CABRAL, 230 CENTRO. CENTRO. 58123-000 Boa Vista - PB.;Boa Vista;PB;03ª GRE (Campina Grande)
b9edb81e-64de-4b95-9bc0-c5fa3e964819;25076400;EEEM PROFESSOR ANTONIO OLIVEIRA;RUA ALBERTO SANTOS, SN SANTA ROSA. 58416-690 Campina Grande - PB.;Campina Grande;PB;03ª GRE (Campina Grande)
348bdd32-1457-47cb-993d-17301eb6ab30;25076582;ECI IRMA JOAQUINA SAMPAIO;BR 203 KM 8 PRACA DO AMOR, SN SERROTAO. 58436-740 Campina Grande - PB.;Campina Grande;PB;03ª GRE (Campina Grande)
a078577b-be54-4e83-8dae-12da4c3d1bcf;25076590;ECI JOSE MIGUEL LEAO;RUA JOAO MIGUEL LEAO, SN SAO JOSE DA MATA. 58441-000 Campina Grande - PB.;Campina Grande;PB;
04c28468-2f2a-48bb-9a51-ee8907429547;25077147;ECI JOANA EMILIA DA SILVA;AV IRINEU BEZERRA, SN CENTRO. 58487-000 Fagundes - PB.;Fagundes;PB;03ª GRE (Campina Grande)
01d9c85f-db96-47c8-a031-fa10ca936ae6;25077163;EEEF FREI ALBERTO;RUA PLINIO LEMOS, 13 CENTRO. 58487-000 Fagundes - PB.;Fagundes;PB;03ª GRE (Campina Grande)
ee895803-0bdd-4262-bf55-16e1aef80190;25077686;ESCOLA AGRICOLA ASSIS CHATEAUBRIAND-UEPB;SITIO IMBAUBA, S/N ZONA RURAL. 58117-000 Lagoa Seca - PB.;Lagoa Seca;PB;
c662249a-2186-4b2a-a7f3-666a765587b4;25077759;ECIT FRANCISCA MARTINIANO DA ROCHA;LUCAS DA ROCHA, 297 CENTRO. 58117-000 Lagoa Seca - PB.;Lagoa Seca;PB;03ª GRE (Campina Grande)
3766dc67-77e3-4f94-8566-cb4005c89f49;25078135;ECI MARIA ZECA DE SOUZA;RUA VEREADOR ADERBAL GOMES DA SILVA, SN SALA. CENTRO. 58120-000 Massaranduba - PB.;Massaranduba;PB;03ª GRE (Campina Grande)
f7da6c04-49cf-4fb9-b080-183848b914b2;25078143;EEEFM EVERALDO AGRA;AVENIDA BRASILIA BR 230, 7558 SANTA TEREZINHA. 58120-000 Massaranduba - PB.;Massaranduba;PB;
8be26bd0-8e72-45da-8819-6baf820775d0;25078550;ECIT PLINIO LEMOS;RUA COSTA E SILVA, SN CENTRO. 58115-000 Puxinanã - PB.;Puxinanã;PB;03ª GRE (Campina Grande)
79bc5579-1675-4d86-9e1f-7747a0c7b282;25078569;EEEM SEVERIANO PEDRO DO NASCIMENTO;POVOADO DE JENIPAPO, SN ZONA RURAL. 58115-000 Puxinanã - PB.;Puxinanã;PB;
2546e70c-86df-4cd1-915a-2e9ef60a2f7f;25078577;EEEM CONEGO ANTONIO GALDINO;AVENIDA 28 DE JANEIRO, SN PREDIO ESCOLAR. CENTRO. 58115-000 Puxinanã - PB.;Puxinanã;PB;03ª GRE (Campina Grande)
56ef4e81-c91d-4ba6-bdb2-8ee3014f5420;25078992;ECIT FRANCISCO ERNESTO DO REGO;AV SEVERINO BEZERRA CABRAL, 00 CENTRO. 58475-000 Queimadas - PB.;Queimadas;PB;03ª GRE (Campina Grande)
f3c5cf63-dfee-423e-bb00-57eb897ad5e3;25079115;EEEFM JOSE TAVARES;RUA JOAO BARBOSA DA SILVA, SN CENTRO. 58475-000 Queimadas - PB.;Queimadas;PB;03ª GRE (Campina Grande)
45e056fb-72a6-477c-8874-ef6741a83c46;25080016;ECIT DOM ADAUTO;AV MIGUEL VERISSIMO DA SILVA, 00 ESCOLA. CONJ ANTONIO MARIZ II. 58385-000 Serra Redonda - PB.;Serra Redonda;PB;03ª GRE (Campina Grande)
9d96f90b-0c38-47a0-8300-b5bf4f5ab8ef;25080261;ECI MANOEL AVELINO PAIVA;RUA SENADOR RUI CARNEIRO, 00 BR 230. CAJA. 58350-000 Caldas Brandão - PB.;Caldas Brandão;PB;12ª GRE (Itabaiana)
eda7c7be-8071-4815-9f9b-0ac5a1927a78;25080270;EEEM DE CALDAS BRANDAO;RUA MANOEL DANTAS, 157 CENTRO. 58350-000 Caldas Brandão - PB.;Caldas Brandão;PB;12ª GRE (Itabaiana)
6b33bfe5-5e55-49f0-854b-30f6ec4dcbd7;25080407;ECI JOAO RIBEIRO;RUA HUMBERTO LUCENA, SN PREDIO ESCOLAR. CENTRO. 58356-000 Gurinhém - PB.;Gurinhém;PB;12ª GRE (Itabaiana)
784cbd86-91bc-4d89-8239-6c73b5d0d749;25080849;ECIT LUIS GONZAGA BURITY;RUA DUQUE DE CAXIAS, 54 BOA ESPERANCA. 58380-000 Ingá - PB.;Ingá;PB;12ª GRE (Itabaiana)
9a4fe70a-ec11-42df-8be5-f7a3ccc7b18c;25080881;EEEM PROFESSOR RANGEL;RUA PRESIDENTE JOAO PESSOA, 39 ESCOLA. CENTRO. 58380-000 Ingá - PB.;Ingá;PB;12ª GRE (Itabaiana)
f2016913-e3c5-4a5f-b889-b7c159f89bcb;25081349;ECI ADAUTO CABRAL DE VASCONCELOS;RUA SENADOR CABRAL, 172 PREDIO ESCOLAR. CENTRO. 58382-000 Riachão do Bacamarte - PB.;Riachão do Bacamarte;PB;12ª GRE (Itabaiana)
0b55ee85-1755-4c23-a045-b0a1c08e342a;25081403;ECIT DE ITABAIANA DOUTOR ANTONIO BATISTA SANTIAGO;AVENIDA PREFEITO ANTONIO BATISTA SANTIAGO, 416 ESCOLA. CENTRO. 58360-000 Itabaiana - PB.;Itabaiana;PB;12ª GRE (Itabaiana)
bbba2c0f-e6d5-4058-9d89-b1a8db0de561;25081411;EEEF PROFESSORA ODETE MENDES N OLIVEIRA;RUA LUIZ QUIRINO DO NASCIMENTO, 51 CAMPO GRANDE. 58360-000 Itabaiana - PB.;Itabaiana;PB;
3b88a98e-e77b-41dc-8054-279c4c50908e;25081454;EEEFM JOAO FAGUNDES DE OLIVEIRA;RUA ALTO PROFESSOR MACIEL, SN PROXIMO AO CEMITERIO. CENTRO. 58360-000 Itabaiana - PB.;Itabaiana;PB;12ª GRE (Itabaiana)
937dfa0c-7a76-47d9-b85e-c45d9a4e5d26;25081888;EECI JOSE RODRIGUES DE ATAIDE;RUA ANTONIA DE ANDRADE CAVALCANTE, 000 CENTRO. 58378-000 Itatuba - PB.;Itatuba;PB;12ª GRE (Itabaiana)
3f749d9b-078a-485a-8ca7-b8bf9a98c9f2;25082272;ECI DOM ADAUTO;RUA ADALBERTO PEREIRA DE MELO, 18 ESCOLA. CENTRO. 58387-000 Juarez Távora - PB.;Juarez Távora;PB;12ª GRE (Itabaiana)
f68457c9-0cb2-4ef3-a959-1feef9da69ab;25082493;ECIT OTAVIA SILVEIRA;RUA ANTONIO DE ANDRADE SOBRINHO, SN ESCOLA. CENTRO. 58375-000 Mogeiro - PB.;Mogeiro;PB;12ª GRE (Itabaiana)
07a00c53-e6f3-4d37-b00d-1e3f9ea9fa1a;25082540;EEEF LEOVIGILDA MARTINS;AVENIDA PRESIDENTE JOAO PESSOA, 01 ESCOLA. CENTRO. 58375-000 Mogeiro - PB.;Mogeiro;PB;
b260ace1-1aae-478a-8259-62592460be1b;25082922;ECIT ANA RIBEIRO;RUA EUNICE BARBOSA, 10 URBANO. CENTRO. 58370-000 Salgado de São Félix - PB.;Salgado de São Félix;PB;12ª GRE (Itabaiana)
37f500b0-c00b-4c3b-bf53-1a79cfb8bd64;25082949;EEEFM ARNALDO MAROJA;FAZENDA ALAGAMAR, SN ZONA RURAL. 58370-000 Salgado de São Félix - PB.;Salgado de São Félix;PB;
390c3410-ed0d-4a33-9b46-cf5227595ef6;25082957;EEEF DE DOIS RIACHOS;DISTRITO DOIS RIACHOS, SN RUA PRINCIPAL. DISTRITO. 58370-000 Salgado de São Félix - PB.;Salgado de São Félix;PB;12ª GRE (Itabaiana)
3b3bd1f1-af31-402e-9a96-cb09472a1939;25083490;ECI DEPUTADO CARLOS PESSOA FILHO;RUA TEREZA BARBOSA DE MOURA, 518 CENTRO. 58489-000 Aroeiras - PB.;Aroeiras;PB;03ª GRE (Campina Grande)
f0bd1128-82da-4155-994c-e8efe0fe641b;25083597;EEEFM MAJOR JOSE BARBOSA;RUA PADRE LEONEL FRANCA, 141 ESCOLA. CENTRO. 58489-000 Aroeiras - PB.;Aroeiras;PB;03ª GRE (Campina Grande)
d063fe46-cad0-4b76-8779-b57e53ecf064;25084445;ECI JOAO DA SILVA MONTEIRO;RUA IZAURA BARBOSA, SN RUA DA POLICLINICA. CENTRO. 58492-000 Gado Bravo - PB.;Gado Bravo;PB;03ª GRE (Campina Grande)
c8e1599e-4d43-4063-9db8-fa4d3d6f1ff6;25084526;ECIT FRANCISCO DE ALBUQUERQUE MONTENEGRO;AV DR FRANCISCO DE ALBUQUERQUE MONTENEGRO, SN CENTRO. 58494-000 Natuba - PB.;Natuba;PB;03ª GRE (Campina Grande)
55b699f3-ea9d-4b84-9aa0-23c3012eae9f;25084542;EEEF DOUTOR CARLOS PESSOA;AV PRESIDENTE EPITACIO PESSOA, 235 CENTRO. 58494-000 Natuba - PB.;Natuba;PB;03ª GRE (Campina Grande)
08fdd779-4b50-452e-b9e5-76c6ddffd1ae;25084950;ECIT PRESIDENTE JOAO PESSOA;RUA EPITACIO PESSOA, 141 ESCOLA. CENTRO. 58497-000 Umbuzeiro - PB.;Umbuzeiro;PB;03ª GRE (Campina Grande)
76b10b61-45f3-4689-ad61-7d05021f97d5;25084992;ECI ANTONIO FRANCISCO GOMES;PRACA PREFEITO ANTONIO GOMES, SN PREDIO. CENTRO. 58463-000 Santa Cecília - PB.;Santa Cecília;PB;15ª GRE (Queimadas)
ef8ed336-ff12-4b43-9a46-9b3d5ba796e4;25085875;ECIT MATIAS FREIRE;RUA MATIAS FREIRE, 1168 CENTRO. 58295-000 Baía da Traição - PB.;Baía da Traição;PB;14ª GRE (Mamanguape)
32e4f350-62c8-44aa-97f5-57e821639e9c;25086049;ECI SEVERINO FELIX DE BRITO;RUA SETE DE SETEMBRO, SN BAIRRO DOS ESTUDANTES. 58275-000 Itapororoca - PB.;Itapororoca;PB;14ª GRE (Mamanguape)
59cf6699-05d8-4ac1-9a76-e4b8a5d99426;25086316;ECIT ALZIRA LISBOA;RUA 7 DE SETEMBRO, 453 SAO JOSE. 58278-000 Jacaraú - PB.;Jacaraú;PB;14ª GRE (Mamanguape)
d9faab9e-bd76-465b-b802-5b650d826d36;25086324;ECI MARGARIDA DIAS;AV SENADOR RUI CARNEIRO, 193 EM FRENTE A IGREJA M. CENTRO. 58273-000 Pedro Régis - PB.;Pedro Régis;PB;14ª GRE (Mamanguape)
0d14b367-8817-4ba9-913c-3699a7293734;25086332;EEEM CASTRO PINTO;RUA JOSE IRAN DIAS DA COSTA, 76 VIRGILIO RIBEIRO. 58278-000 Jacaraú - PB.;Jacaraú;PB;14ª GRE (Mamanguape)
2078e18e-ca06-4ec6-89cb-2ce3523d94ac;25086901;ECI SENADOR RUI CARNEIRO;AVENIDA SENADOR RUI CARNEIRO, 55 CAMPO. 58280-000 Mamanguape - PB.;Mamanguape;PB;14ª GRE (Mamanguape)
8dfc5da3-9a80-4cd1-aa4c-ccc54269b637;25086910;EEEFM PROFESSOR ANTONIO GARCEZ;SITIO PINDOBAL, SN PREDIO. AREA RURAL. 58280-000 Mamanguape - PB.;Mamanguape;PB;
39e78011-018d-46d7-adb0-d99131221c56;25086928;EEEM PROFESSOR LUIZ APRIGIO;RUA PRESIDENTE JOAO PESSOA, SN CENTRO. 58280-000 Mamanguape - PB.;Mamanguape;PB;14ª GRE (Mamanguape)
9d117c8f-a44f-4af5-bb4e-073e08d582df;25086936;EEEFM UMBELINA GARCEZ;RUA DOM VITAL, SN CASA. CENTRO. 58280-000 Mamanguape - PB.;Mamanguape;PB;14ª GRE (Mamanguape)
ca107f84-0805-49eb-b9bf-5ca8f11ac86b;25087304;ECI JOSE WILSON DE ALBUQUERQUE MELO;LUIZ FORTUNATO PEREIRA, SN AO LADO DO CONJUNTO. CENTRO. 58287-000 Capim - PB.;Capim;PB;14ª GRE (Mamanguape)
0388fa50-4c0a-4892-9055-f3ddfbcbd2e9;25087355;ECI PROFESSOR RENATO FONSECA FILHO;AVENIDA SEVERINO JORGE DE SENA, 980 CENTRO. 58289-000 Cuité de Mamanguape - PB.;Cuité de Mamanguape;PB;14ª GRE (Mamanguape)
2c66a718-b305-4077-abaf-0f84e71e1067;25087657;EEEFM ANTONIO PINTO BARBALHO;RUA PRINCIPAL, SN PREDIO ESCOLAR. PITANGA. 58286-000 Mamanguape - PB.;Mamanguape;PB;
af36cf39-277c-451a-a4c3-3a463b51af73;25087665;EEEFM DOUTOR JOSE A DA TRINDADE;SITIO CAMARATUBA, SN ZONA RURAL. 58280-000 Mamanguape - PB.;Mamanguape;PB;
dd1cc5a7-aab1-45af-a237-0a8e6511e9e2;25087673;ECIT HENRIQUE FERNANDES DE FARIAS;TRAVESSA R OLEGARIO FERNANDES, 397 PREDIO. CENTRO. 58291-000 Curral de Cima - PB.;Curral de Cima;PB;14ª GRE (Mamanguape)
e186e223-dab7-450c-ba1e-95730f52f8c6;25087738;ECI PEDRO POTI;AV DR CARLOS PESSOA DE MELO, SN AO LADO DO CAMPO MUN. PLANALTO I. 58292-000 Mataraca - PB.;Mataraca;PB;14ª GRE (Mamanguape)
71e3c079-2cd5-4ba0-b754-acbb69d0a794;25087860;ECIT PROFESSOR LUIZ GONZAGA BURITY;PRACA DA VITORIA, SN CENTRO. 58297-000 Rio Tinto - PB.;Rio Tinto;PB;14ª GRE (Mamanguape)
0b5c40fd-c72e-4a47-a2df-36cb7a1a1ff0;25087878;EEIEFM GUILHERME DA SILVEIRA;AVENIDA RIO BRANCO, 5466 ALDEIA MONTE MOR. VILA REGINA. 58297-000 Rio Tinto - PB.;Rio Tinto;PB;14ª GRE (Mamanguape)
8af38027-a2ec-44c5-8383-7929830bc887;25087894;EEIEFM DOUTOR JOSE LOPES RIBEIRO;R. São João, s/n - Cinco Ruas, Rio Tinto - PB, 58297-000;Rio Tinto;PB;14ª GRE (Mamanguape)
c8e7c520-7623-4c60-a084-46d4348082a4;25087908;EEEM FREDERICO LUNDGREN;RUA DA AURORA, SN CENTRO. 58297-000 Rio Tinto - PB.;Rio Tinto;PB;14ª GRE (Mamanguape)
c0bd5443-9c52-4648-bf8d-7ad3e8515579;25087983;EEIEFM ISAURA SOARES DE LIMA;ALDEIA JACARE DE CESAR, SN CENTRO. ZONA RURAL. 58294-000 Marcação - PB.;Marcação;PB;
446e4a66-d91f-4cd9-a1ac-374cedf6b66e;25088025;EEIEFM PROFESSORA ANGELITA BEZERRA DE ASSIS;ALDEIA SILVA DE BELEM, SN AREA INDIGENA. ZONA RURAL. 58297-000 Rio Tinto - PB.;Rio Tinto;PB;
a70ce6e0-2372-4b09-88bd-aecf13cf8cf2;25088068;ECI INDIO ANTONIO SINESIO DA SILVA;ALDEIA BREJINHO, SN ALDEIA. ZONA RURAL. 58294-000 Marcação - PB.;Marcação;PB;
a6169f38-8b4b-44a9-9eb7-82dd61f7a7c6;25088220;EEIEFM CACIQUE DOMINGOS BARBOSA DOS SANTOS;RUA PRINCIPAL, SN PROX IGREJA SAO SEBA. ALDEIA JARAGUA. 58297-000 Rio Tinto - PB.;Rio Tinto;PB;
90ca705e-3584-45d2-aead-5433e72566c4;25088521;EEEF FAZ COBE;ASSENTAMENTO VIDA NOVA, SN ZONA RURAL. 58337-000 Cruz do Espírito Santo - PB.;Cruz do Espírito Santo;PB;
29cd996c-7b03-4ae2-93b8-35302eef82cd;25088530;ECIT DEPUTADO FERNANDO MILANEZ;RUA DR JOAO URSULO, SN CENTRO. 58337-000 Cruz do Espírito Santo - PB.;Cruz do Espírito Santo;PB;01ª GRE (João Pessoa)
feeab954-fb06-4ea9-a079-414fe2057229;25088548;EEEF FAZENDA ESPIRITO SANTO;FAZENDA ESPIRITO SANTO, ZONA RURAL. 58337-000 Cruz do Espírito Santo - PB.;Cruz do Espírito Santo;PB;
e9ffbf33-49cb-4e9a-a7ad-847414e1b85d;25088564;EEEF FAZENDA SANTA LUZIA;FAZENDA SANTA LUZIA, S/N 58337-000 Cruz do Espírito Santo - PB.;Cruz do Espírito Santo;PB;
93daf264-2ffa-4c3c-9969-7a8071beb7c2;25088572;EEEFM FLAVIO RIBEIRO COUTINHO;PRACA LOURIVAL LACERDA, SN CENTRO. 58337-000 Cruz do Espírito Santo - PB.;Cruz do Espírito Santo;PB;16ª GRE (João Pessoa)
44083bcd-6c75-40f0-ba2b-f9bcf0b71f2c;25088580;EEEF FAZENDA MUNGUENGUE;FAZENDA MUNGUENGUE, S/N ZONA RURAL. 58337-000 Cruz do Espírito Santo - PB.;Cruz do Espírito Santo;PB;
44caae07-8daf-461a-8149-4d57efd5abb7;25088602;EEEFM CAMPO DE SEMENTES E MUDAS;SITIO CAMPO SEMENTES E MUDAS, SN ZONA RURAL. ZONA RURAL. 58337-000 Cruz do Espírito Santo - PB.;Cruz do Espírito Santo;PB;
afcc6f21-ae83-4181-a257-4bad11963f93;25088785;ECIT TEONAS DA CUNHA CAVALCANTI;RUA SENADOR RUI CARNEIRO, 122 PREDIO ESCOLAR. CENTRO. 58330-000 Juripiranga - PB.;Juripiranga;PB;12ª GRE (Itabaiana)
9f568c0a-a5c5-4fff-8024-02af99ad4bbf;25088793;EEEFM DEMETRIO TOLEDO;RUA CENTRO CIVICO, 48 CENTRO. 58330-000 Juripiranga - PB.;Juripiranga;PB;12ª GRE (Itabaiana)
25b03102-4424-4b71-860f-498da6d28a91;25088963;EEEM AUGUSTO DOS ANJOS;RUA ANTONIO DE LUNA FREIRE, 374 ESCOLA. CENTRO. 58345-000 Mari - PB.;Mari;PB;01ª GRE (João Pessoa)
5597f214-7edf-4fd0-9b04-9ad96c224380;25088971;EEEF LUIZ MARIA DE FRANCA;RUA MANOEL GOMES FILHO, SN SILVINO COSTA. 58345-000 Mari - PB.;Mari;PB;01ª GRE (João Pessoa)
4fc8ea0f-649a-4128-8d4e-ab71bf46b788;25089013;ECIT JOSE PAULO DE FRANCA;RUA LIDIO GALVAO, 76 CENTRO. 58345-000 Mari - PB.;Mari;PB;01ª GRE (João Pessoa)
967998ff-8cda-4d10-b768-429f5edd24f8;25089242;ECI JOCELYN VELLOSO BORGES;AV PIO GONCALVES CHAVES, 00 PREDIO ESCOLAR. CENTRO. 58339-000 São José dos Ramos - PB.;São José dos Ramos;PB;12ª GRE (Itabaiana)
97e6bfc0-d266-45bc-b449-3a2be6a0607f;25089250;ECIT JOSE LINS DO REGO;RUA JOAO NOLASCO DA CRUZ GOUVEIA, 00 SERVENTIA. 58338-000 Pilar - PB.;Pilar;PB;12ª GRE (Itabaiana)
7aad67cc-175c-4765-b078-1aede306722f;25089552;ECI MARIA LINS;AV EMILIA AUGUSTA, 25 PROXIMA A PRACA ELIA. CENTRO. 58334-000 São Miguel de Taipu - PB.;São Miguel de Taipu;PB;12ª GRE (Itabaiana)
0cf938ba-2dbb-43cf-a88f-1a0c43c19230;25089560;EEEFM SEVERINA DE HOLANDA CAVALCANTI;FAZENDA SANTA LUCIA CAFE DO VENTO SN, SN ZONA RURAL. 58334-000 São Miguel de Taipu - PB.;São Miguel de Taipu;PB;
73d6f7cc-dc48-4903-95a6-23489cd57b76;25089773;EEEFM STELLA DA CUNHA SANTOS;AV DR NAPOLEAO LAURERANO, 368 CENTRO. 58340-000 Sapé - PB.;Sapé;PB;01ª GRE (João Pessoa)
55235c2d-a93d-40f2-b473-8faf6050b73e;25089781;ECIT MONSENHOR ODILON ALVES PEDROSA;RUA PADRE ZEFERINO MARIA, 375 CENTRO. 58340-000 Sapé - PB.;Sapé;PB;01ª GRE (João Pessoa)
881d8d03-a6da-46e9-b9b7-8d78bf71d550;25089811;EEEFM FAZENDA BURACAO;FAZENDA BURACAO, SN ESCOLA. ZONA RURAL. 58340-000 Sapé - PB.;Sapé;PB;
dd4b5415-256d-4dad-83f6-720ea690a791;25089820;EEEM GENTIL LINS;AV SIMPLICIO COELHO, 97 CENTRO. 58340-000 Sapé - PB.;Sapé;PB;01ª GRE (João Pessoa)
e380f9fe-28c7-4e5a-be75-20258d2ed2f3;25089838;ECIT RIACHAO DO POCO;RUA JOAO FERREIRA ALVES, SN PREDIO. CENTRO. 58348-000 Riachão do Poço - PB.;Riachão do Poço;PB;01ª GRE (João Pessoa)
9a156921-47d5-4088-926c-78cc7de31db6;25089862;EEEF COM RENATO RIBEIRO COUTINHO;RUA ALZIRA SOARES DE MELO, 60 AGROVILA. 58340-000 Sapé - PB.;Sapé;PB;
d248da92-d7b5-4b84-9e39-6e371aab992d;25090135;ECI CASSIANO RIBEIRO COUTINHO;RUA MANOEL MOREIRA DA SILVA, 135 CENTRO. 58340-000 Sapé - PB.;Sapé;PB;01ª GRE (João Pessoa)
139771aa-bd28-4580-9a44-8ff5e391792d;25090879;EEEFM ENGENHEIRO JOSE DAVILA LINS;RUA ENGENHEIRO DE CARVALHO, SN CENTRO. 58110-020 Bayeux - PB.;Bayeux;PB;01ª GRE (João Pessoa)
ee613867-5899-4026-be2f-578159bd1311;25090887;ECIT PROFESSOR ANTONIO GOMES;RUA PROFESSOR ANTONIO GOMES, 60 PREDIO. MARIO ANDREAZZA. 58112-278 Bayeux - PB.;Bayeux;PB;01ª GRE (João Pessoa)
00b0378e-d92f-477b-bd20-b080135b742a;25090909;ECI IRINEU PINTO;RUA JOAO XXII, SN SESI. 58111-320 Bayeux - PB.;Bayeux;PB;01ª GRE (João Pessoa)
a85d7cfc-4dfd-4f5f-b4e2-d6ed4309696f;25090933;EEEF ALVARO DE CARVALHO;RUA JOAQUIM FERNANDES, NULL CENTRO. 58110-097 Bayeux - PB.;Bayeux;PB;01ª GRE (João Pessoa)
39b29606-1daf-41e3-8069-a9132595fc58;25090941;EEEF ANITA GARIBALDI;RUA PADRE FEIJO, 253 TAMBAY. 58110-618 Bayeux - PB.;Bayeux;PB;01ª GRE (João Pessoa)
7eb01fef-ee0c-4453-876d-eea20238dd60;25090976;EEEF GETULIO VARGAS;RUA IVANIA MENEZES, 284 CENTRO. 58110-260 Bayeux - PB.;Bayeux;PB;01ª GRE (João Pessoa)
175527dc-ea8b-45e6-9332-2b59e67caa32;25090984;ECI JOAO CAETANO;RUA PASTOR ANTONIO PETRONILO DOS SANTOS, 322 AO LADO DA ACADEMIA. JARDIM AEROPORTO. 58113-363 Bayeux - PB.;Bayeux;PB;01ª GRE (João Pessoa)
0d442736-d0c8-44a7-b8b2-990af25e1fbe;25090992;EEEF SENADOR TEOTONIO VILELA;RUA CARLOS GOMES, 244 IMACULADA. 58111-085 Bayeux - PB.;Bayeux;PB;01ª GRE (João Pessoa)
e6534d51-e2d0-4a8b-aa4b-ee7c1bb86fc5;25091000;EEEFM TANCREDO NEVES;RUA BALBINO DE MENDONCA, 336 PREDIO. SAO BENTO. 58111-530 Bayeux - PB.;Bayeux;PB;01ª GRE (João Pessoa)
09248bcd-3eaf-4404-96dd-a419e1b3a0e1;25091018;EEEFM VERALDO LEITE;RUA CAROLINA MACHADO, SN TAMBAY. 58110-560 Bayeux - PB.;Bayeux;PB;01ª GRE (João Pessoa)
77879ecd-aa86-4073-97c7-4bb454802d86;25091549;ECIT JOSE GUEDES CAVALCANTE;R MUNICIPALISTA PEDRO DA SILVA COUTINHO, 120 PREDIO ESCOLAR. CAMALAU. 58103-077 Cabedelo - PB.;Cabedelo;PB;01ª GRE (João Pessoa)
0566450b-e3f8-4374-9a95-d1c126d3ebca;25091565;EEEF AUGUSTO SEVERO;RUA GENERAL JOSE ARAKEM RODRIGUES, 278 PREDIO ESCOLAR. JACARE. 58105-770 Cabedelo - PB.;Cabedelo;PB;01ª GRE (João Pessoa)
e75146bd-7cbe-423b-a6ac-80ace7e2ddc6;25091573;EEEFM JOAO XXIII;RUA JOAO CASTOR DE SENA, SN NA RUA DO POSTO DE S. JARDIM BRASILIA. 58103-382 Cabedelo - PB.;Cabedelo;PB;01ª GRE (João Pessoa)
c05bf032-f663-4195-a510-8f9d54e35a2a;25091603;EEEM PEDRO AMERICO;RUA PASTOR JOSE ALVES DE OLIVEIRA, 76 CENTRO. 58100-222 Cabedelo - PB.;Cabedelo;PB;01ª GRE (João Pessoa)
2c6ead39-e114-4ecb-a6b4-c308174825df;25091611;EEEM PROFESSOR PEDRO ANIBAL MOURA;RUA ENIVALDO FIGUEIREDO DE MIRANDA, SN PONTA DE MATO. 58100-550 Cabedelo - PB.;Cabedelo;PB;01ª GRE (João Pessoa)
b582c00f-7145-4552-ad9e-203396b366f2;25091620;ECIT ABREU E LIMA;RUA MARGARIDA MARIA ALVES, 27 RENASCER II. 58108-172 Cabedelo - PB.;Cabedelo;PB;01ª GRE (João Pessoa)
a0e2ac26-a010-43d1-9b37-9d8becce9030;25091638;ECI IMACULADA CONCEICAO;RUA MARIZEIRO, SN JACARE. PORTAL DO POCO. 58106-106 Cabedelo - PB.;Cabedelo;PB;01ª GRE (João Pessoa)
103f3f8a-1a5c-4d79-adfa-deaaceac654c;25091646;EEEF PADRE ANTONIO VIEIRA;RUA SAO PEDRO, 0 SALINAS RIBAMAR. 58109-482 Cabedelo - PB.;Cabedelo;PB;01ª GRE (João Pessoa)
01618d2b-af48-4753-aaa2-98200fe42eca;25091654;EEEF SAO JUDAS TADEU;RUA KARINA ZAGEL DE MENDONCA, SN CAMBOINHA 3. 58101-278 Cabedelo - PB.;Cabedelo;PB;01ª GRE (João Pessoa)
d823e83b-b733-441a-abe1-0ce1c07891c8;25092111;EEEM PROFESSOR JOAO DA CUNHA VINAGRE;RODOVIA PB 18 KM 35, SN CENTRO. 58322-000 Conde - PB.;Conde;PB;01ª GRE (João Pessoa)
eaa782ad-4ddb-404e-b80b-199ad1e7b22a;25092316;EEEF PROF CONCITA BARROS;RUA PROFESSORA NOEMIA RIBEIRO, SN ERNESTO GEISEL. 58075-210 João Pessoa - PB.;João Pessoa;PB;01ª GRE (João Pessoa)
3c34fbad-788a-4abb-b076-29baddf56907;25092332;EEEF PROFESSORA DAGMAR MENDONCA LIMEIRA;AV DOMINGOS JOSE DA PAIXAO, 1465 MUCUMAGRO. 58066-100 João Pessoa - PB.;João Pessoa;PB;01ª GRE (João Pessoa)
9ab43b1c-e0e8-41ee-b675-c440913343fd;25092839;CEEEA SESQUICENTENARIO;RUA MANOEL FRANCA, SN CONJUNTO PEDRO GONDIM. 58031-160 João Pessoa - PB.;João Pessoa;PB;01ª GRE (João Pessoa)
9efaf904-b353-4620-87ab-e603e803833a;25092871;CENTRO PROFIS DEP ANTONIO CABRAL;AVENIDA AVELINA DOS SANTOS, SN VALENTINA DE FIGUEIREDO. 58064-550 João Pessoa - PB.;João Pessoa;PB;01ª GRE (João Pessoa)
a0710a5d-f5b8-4470-a90c-4347dbf96e45;25092898;EEEM PROFESSOR GERALDO LAFAYETTE BEZERRA;RUA FELINTO DE ARRUDA ESCOLASTICO, SN CRISTO REDENTOR. 58070-380 João Pessoa - PB.;João Pessoa;PB;01ª GRE (João Pessoa)
424ae355-4f8d-4efd-b943-dff4df24a86c;25093614;EEEF PROFA CARMELITA PEREIRA GOMES;RUA HENRIQUE DI LASCIO, S/N ERNANI SATYRO. 58081-300 João Pessoa - PB.;João Pessoa;PB;
7c7c620e-31c8-4297-a287-8c6e60607e5a;25093622;EEEF FRANCISCO CAMPOS;RUA BOURGUEVILLE, SN ANATOLIA. ANATOLIA. 58052-080 João Pessoa - PB.;João Pessoa;PB;01ª GRE (João Pessoa)
f505c148-bc5e-471b-9cbd-c3c2c8ec586a;25093819;ESCOLA ESTADUAL DE EDUCACAO ESPECIAL;RUA PROFESSOR SIZENANDO COSTA, SN AO LADO DO POSTO BPT. ROGER. 58020-590 João Pessoa - PB.;João Pessoa;PB;
1783e18d-62d3-4acb-a39c-c972364691ee;25093827;EEEF CLAUDINA MANGUEIRA DE MOURA;R CARTEIRO FRANCISCO INACIO DO REGO FILHO, 43 ALTO DO MATEUS. 58090-570 João Pessoa - PB.;João Pessoa;PB;01ª GRE (João Pessoa)
abb316f5-2fd6-4be0-8c5d-3a7d14de1d12;25093835;ECI LUIS RAMALHO;AV COMERCIANTE ALFREDO FERREIRA DA ROCHA, SN ESCOLA. MANGABEIRA I. 58055-540 João Pessoa - PB.;João Pessoa;PB;01ª GRE (João Pessoa)
0e91fa5a-caf3-42b5-829e-dab78348497b;25093843;ECIT CONEGO FRANCISCO GOMES DE LIMA;RUA DEPUTADO PETRONIO FIGUEIREDO, SN ERNESTO GEISEL. 58075-410 João Pessoa - PB.;João Pessoa;PB;01ª GRE (João Pessoa)
703a04ad-a46b-4a39-904d-ab4d27afcf8d;25093851;ECI LILIOSA PAIVA LEITE;AV DOM BOSCO, SN CRISTO REDENTOR. 58070-470 João Pessoa - PB.;João Pessoa;PB;01ª GRE (João Pessoa)
e9e89f15-5367-4c19-9270-6bf208ac31fa;25093860;ECIT RAUL MACHADO;AVENIDA CARNEIRO DE CAMPOS, SN ILHA DO BISPO. 58011-440 João Pessoa - PB.;João Pessoa;PB;01ª GRE (João Pessoa)
ac959c35-a74b-4daf-a3e5-2e4418313086;25093878;EEEM CON LUIZ GONZAGA DE OLIVEIRA;RUA JANDUI DANTAS DO NASCIMENTO, SN MANGABEIRA I. 58056-140 João Pessoa - PB.;João Pessoa;PB;01ª GRE (João Pessoa)
2e0af8ef-40ff-42d8-a5ff-cbc12d3bc856;25093886;ECIT FRANCISCA ASCENSAO CUNHA;RUA BANCARIO LUIZ GONZAGA GOMES SILVA FILHO, 700 BANCARIOS. 58051-700 João Pessoa - PB.;João Pessoa;PB;01ª GRE (João Pessoa)
d32d4f7b-cc23-41db-a03a-bd53cae1b08e;25093894;ECIT PROFESSOR PEDRO AUGUSTO PORTO CAMINHA;RUA ANUBIO LINS FALCAO, SN JAGUARIBE. JAGUARIBE. 58015-480 João Pessoa - PB.;João Pessoa;PB;01ª GRE (João Pessoa)
5335f6c0-607d-4fb1-846f-e3fb7e34096d;25093916;ECIT PROFESSOR RAUL CORDULA;AVENIDA CARNEIRO DA CUNHA, 0 SN. TORRE. 58040-020 João Pessoa - PB.;João Pessoa;PB;01ª GRE (João Pessoa)
ef90e6b7-691c-4e16-bdd2-6f6d8d80f675;25093932;ECIT DAURA SANTIAGO RANGEL;RUA BENICIO DE OLIVEIRA LIMA, SN ESCOLA. JOSE AMERICO DE ALMEIDA. 58073-030 João Pessoa - PB.;João Pessoa;PB;01ª GRE (João Pessoa)
abb873a2-aa2f-4a4b-98bb-083040f81c5f;25093959;ECIT PROFESSORA OLIVINA OLIVIA CARNEIRO DA CUNHA;AVENIDA DUARTE DA SILVEIRA, 450 CENTRO. 58013-280 João Pessoa - PB.;João Pessoa;PB;01ª GRE (João Pessoa)
4e556afa-aeaa-4252-88e3-570200cfaf2d;25093967;EEEM PROFESSOR MARIA BRONZEADO MACHADO;RUA ADAUTO DANTAS, SN PREDIO PUBLICO. MANGABEIRA II. 58057-620 João Pessoa - PB.;João Pessoa;PB;01ª GRE (João Pessoa)
7f3d1e1b-99fd-4b44-a85e-492318ff8351;25093975;ECIT NICODEMOS NEVES;PRACA DOUTOR LAURO WANDERLEY, 50 OITIZEIRO. CIDADE DOS FUNCIONARIOS. 58087-460 João Pessoa - PB.;João Pessoa;PB;01ª GRE (João Pessoa)
a936480c-6431-4b16-b2b5-27d18fd78e1f;25094025;ECI TENENTE LUCENA;RUA MARIA ESTER BEZERRA MESQUITA, 300 DOS IPES. 58028-700 João Pessoa - PB.;João Pessoa;PB;01ª GRE (João Pessoa)
03c911f6-2b33-4ef7-a83d-48b47b8f865c;25094033;ECIT MANOEL LISBOA DE MOURA;RUA ANTONIO CLAUDINO LEAL, SN COSTA E SILVA. 58081-010 João Pessoa - PB.;João Pessoa;PB;01ª GRE (João Pessoa)
4e9a7e9e-076a-45e6-b06c-d4886fb65135;25094041;EEEM PROFESSORA ARGENTINA PEREIRA GOMES;AVENIDA CAMILO DE HOLANDA, SN ESCOLA. CENTRO. 58013-360 João Pessoa - PB.;João Pessoa;PB;01ª GRE (João Pessoa)
38d06b20-23d1-4c3a-b9ec-62e858e8abf0;25094050;ECIT LUIZ GONZAGA DE ALBUQUERQUE BURITY;AVENIDA MONSENHOR WALFREDO LEAL, 440 ESCOLA. TAMBIA. 58020-540 João Pessoa - PB.;João Pessoa;PB;01ª GRE (João Pessoa)
0ae89716-73b7-4424-ab13-3823911b0196;25094076;EEEM PROF MATHEUS AUGUSTO DE OLIVEIRA;AV. MINAS GERAIS, 461 DOS ESTADOS. 58030-090 João Pessoa - PB.;João Pessoa;PB;
e3251fe8-f28d-45e5-b0f2-947a3dd1c541;25094084;CRIA CAPITULINA SATYRO;RUA VALDA CRUZ CORDEIRO, SN UTB 1011. JOAO AGRIPINO. 58034-050 João Pessoa - PB.;João Pessoa;PB;01ª GRE (João Pessoa)
7b16436b-43e8-4bdf-a76c-edfe36b22302;25094106;ECI LUZIA SIMOES BARTOLLINI;RUA RADIALISTA GERALDO CAMPOS, SEM NUMERO JARDIM PLANALTO. 58088-060 João Pessoa - PB.;João Pessoa;PB;01ª GRE (João Pessoa)
63bbe7bb-1229-4923-9bf1-23fc2b64985b;25094114;ECIT ALICE CARNEIRO;AV SAPE, SN PROXIMO AO SUPERMERC. MANAIRA. 58038-381 João Pessoa - PB.;João Pessoa;PB;01ª GRE (João Pessoa)
bf532abf-3cef-4a90-94f8-4ec4fa06db04;25094122;CPM-ESTUDANTE REBECA CRISTINA ALVES SIMOES;RUA MARIA ALVES DA SILVA, SEM NUMERO MANGABEIRA VII. 58058-400 João Pessoa - PB.;João Pessoa;PB;01ª GRE (João Pessoa)
f375ef61-5ab3-4288-9724-d2c78daf6be8;25094130;ECIT HORACIO DE ALMEIDA;RUA DURVAL COUTINHO, SN ALTO DO MATEUS. 58090-260 João Pessoa - PB.;João Pessoa;PB;01ª GRE (João Pessoa)
0ba02c39-28c8-4ed8-a5f4-ba59dfa56399;25094157;EEEFM ESCRITOR JOSE LINS DO REGO;RUA HORACIO TRAJANO DE OLIVEIRA, SN CRISTO. 58070-450 João Pessoa - PB.;João Pessoa;PB;
614c8efb-704e-412f-8a96-781b97b317c1;25094173;EEEFM PADRE MIGUELINHO;AVENIDA DA FRATERNIDADE, SN CRISTO REDENTOR. 58070-310 João Pessoa - PB.;João Pessoa;PB;01ª GRE (João Pessoa)
1fc511c1-f8c1-43c3-9f9f-436005f8d8c9;25094181;ECIT PAPA PAULO VI;AV JOSE TAVARES, SN DE FRENTE AO CEMITER. CRUZ DAS ARMAS. 58085-730 João Pessoa - PB.;João Pessoa;PB;01ª GRE (João Pessoa)
7b7c0f09-1cfe-4ba6-bb38-9df3973efcb0;25094190;ECIT JOAO GOULART;RUA CONEGO FRANCISCO LIMA, SN EM FRENTE A PANIFICA. CASTELO BRANCO III. 58050-690 João Pessoa - PB.;João Pessoa;PB;01ª GRE (João Pessoa)
181fd068-697c-4ea6-b809-4e59de33446c;25094203;ECIT DOM JOSE MARIA PIRES;RUA DAS ROSAS, SN CONJUNTO PADRE IBIAP. B DAS INDUSTRIAS. 58083-332 João Pessoa - PB.;João Pessoa;PB;01ª GRE (João Pessoa)
23f39060-2086-427f-bddc-9150b7a2ece2;25094211;ECIT JOSE DO PATROCINIO;RUA ANTONIO CORREIA DA COSTA, SN FUNCIONARIOS. 58078-590 João Pessoa - PB.;João Pessoa;PB;01ª GRE (João Pessoa)
fd392130-ad7a-4394-aac3-6195c1d8edcd;25094254;EEEF PADRE CICERO ROMAO BATISTA;RUA JOSE BETANIO, SN MANDACARU. 58027-587 João Pessoa - PB.;João Pessoa;PB;01ª GRE (João Pessoa)
c2d89300-182a-4c3d-9040-4f27bbe10d53;25094262;EEEFM PROFESSOR JOAO JOSE DA COSTA;AVENIDA BARAO DE MAMANGUAPE, 199 TORRE. 58040-330 João Pessoa - PB.;João Pessoa;PB;01ª GRE (João Pessoa)
51383455-3f50-406e-bfdd-e86def5ac240;25094270;EEEF PROF MATEUS RIBEIRO;RUA BOM JESUS, 526 VARJAO. 58070-060 João Pessoa - PB.;João Pessoa;PB;01ª GRE (João Pessoa)
14bd1638-dfc4-4049-8f46-fa820746c546;25094297;EEEF AZORCERIZ PIRES FERREIRA;RUA ISABEL MEDEIROS CORREIA, SN MANDACARU. 58027-653 João Pessoa - PB.;João Pessoa;PB;01ª GRE (João Pessoa)
7d468fc9-f093-406d-bf6c-f1e2218b4633;25094319;EEEF PADRE JOAO FELIX;RUA PORTO DO CAPIM, SN VARADOURO. 58010-570 João Pessoa - PB.;João Pessoa;PB;01ª GRE (João Pessoa)
63d0e5ce-14e8-4380-8214-3fecd852a1f3;25094327;EEEF ALMIRANTE TAMANDARE;RUA COMANDANTE MATOS CARDOSO, SN CASTELO BRANCO. 58050-120 João Pessoa - PB.;João Pessoa;PB;01ª GRE (João Pessoa)
36c32327-7594-4a8a-911a-4b680002f656;25094335;EEEF ANA HIGINA;RUA 19 DE MARCO, SN ROGER. 58020-340 João Pessoa - PB.;João Pessoa;PB;01ª GRE (João Pessoa)
68d6b88c-5b14-4a3d-92a5-0460e6d6c4fb;25094351;EEEF ANTONIO PESSOA;RUA BEAUREPAIRE ROHAN, 149 AO LADO DO 4400. CENTRO. 58010-000 João Pessoa - PB.;João Pessoa;PB;01ª GRE (João Pessoa)
3ecd4520-9bf2-4432-98b9-e9f97d2a2ec3;25094360;EEEF BORGES DA FONSECA;AV CORONEL CALIXTO SN, SN MANGABEIRA VIII. 58055-000 João Pessoa - PB.;João Pessoa;PB;01ª GRE (João Pessoa)
735eeadd-6df0-4a28-9495-184e91b9f1bb;25094378;EEEF CASTRO PINTO;AV CRUZ DAS ARMAS, 1096 PREDIO ESCOLAR. CRUZ DAS ARMAS. 58085-000 João Pessoa - PB.;João Pessoa;PB;01ª GRE (João Pessoa)
2e35d688-7e6a-4373-9965-6c537ffb0e5c;25094386;EEEF CORACAO DIVINO;RUA COMPOSITOR NOEL ROSA, SN ALTO DO MATEUS. 58090-660 João Pessoa - PB.;João Pessoa;PB;
edc3a6ff-51a5-4b3e-b5f5-1cc37053861d;25094408;EEEFM DESEMBARGADOR BOTO DE MENEZES;RUA PROFESSORA RITA MIRANDA, 318 13 DE MAIO. 58025-280 João Pessoa - PB.;João Pessoa;PB;01ª GRE (João Pessoa)
c108c5b6-f6ba-479b-b0b0-4bb1a39a2298;25094416;EEEF DESEMBARGADOR BRAZ BARACUHY;RUA ESCRITOR GILBERTO AMADO, SN CASTELO BRANCO II. 58050-500 João Pessoa - PB.;João Pessoa;PB;01ª GRE (João Pessoa)
a8422316-1057-45d8-abf3-e33aa716cba3;25094432;EEEFM DOMINGOS JOSE DA PAIXAO;AV DOMINGOS JOSE DA PAIXAO, 0 MUCUMAGRO. 58066-100 João Pessoa - PB.;João Pessoa;PB;01ª GRE (João Pessoa)
3406dfde-3b55-4024-b843-f32f59c6c48f;25094440;EEEFM DOUTOR JOAO NAVARRO FILHO;RUA PROFESSORA MARIA ALEXANDRINA DE OLIVEIRA LIMA, 35 VALENTINA FIGUEIREDO. 58064-375 João Pessoa - PB.;João Pessoa;PB;01ª GRE (João Pessoa)
4ebaf6f5-70ff-45d8-b47b-26a2366aef8d;25094459;EEEM DOUTOR OTAVIO NOVAIS;AVENIDA SANTOS STANISLAU, 1255 NOVAIS. 58088-540 João Pessoa - PB.;João Pessoa;PB;01ª GRE (João Pessoa)
99e4818d-03b9-4997-8e1c-034d23980577;25094475;EEEF EPITACIO PESSOA;AVENIDA MONSENHOR WALFREDO LEAL, SN TAMBIA. 58020-540 João Pessoa - PB.;João Pessoa;PB;01ª GRE (João Pessoa)
d749e981-405e-4fa5-b449-84f05924f9b8;25094483;EEEF FENELON CAMARA;PRACA JOSE BATISTA DE MELO, SN CASTELO BRANCO. 58050-140 João Pessoa - PB.;João Pessoa;PB;
b43cda16-fa75-4f36-ab01-73d7ba4a6beb;25094513;EEEF FREI MARTINHO;AVENIDA DESEMBARGADOR NOVAIS, SN CRUZ DAS ARMAS. 58085-450 João Pessoa - PB.;João Pessoa;PB;01ª GRE (João Pessoa)
fa266879-b71b-4bb6-bccc-dd116c7c8616;25094530;EEEF HENRIQUE DIAS;RUA CARLOS BORROMEU RIBEIRO, SEM NUMERO PREDIO ESCOLAR. ALTO DO MATEUS. 58090-280 João Pessoa - PB.;João Pessoa;PB;01ª GRE (João Pessoa)
70acab85-e04a-410f-824c-950b2cfc380a;25094556;EEEF ISABEL MARIA DAS NEVES;AV JOAO MACHADO, 484 CENTRO. 58013-520 João Pessoa - PB.;João Pessoa;PB;01ª GRE (João Pessoa)
3925282d-ed1b-4b52-adb7-52c599193b4b;25094599;EEEF JOSE VIEIRA;RUA ABDIAS GOMES DE ALMEIDA, SN TAMBAUZINHO. 58042-100 João Pessoa - PB.;João Pessoa;PB;01ª GRE (João Pessoa)
e0010e26-b987-494e-8484-8a6175130918;25094629;EEEFM PROFESSORA MARIA GENY DE SOUSA TIMOTEO;AV MONSENHOR WALFREDO LEAL, 551 TAMBIA. 58020-540 João Pessoa - PB.;João Pessoa;PB;01ª GRE (João Pessoa)
06b77c03-569e-4e7c-9de3-774bc8b02f78;25094637;ECIT MONSENHOR PEDRO ANISIO BEZERRA DANTAS;RUA GIL FURTADO, SN IPES. 58030-206 João Pessoa - PB.;João Pessoa;PB;01ª GRE (João Pessoa)
27a33c1f-e54f-4fa0-a513-3dfd7520a2a8;25094653;EEEM PROFESSOR ORLANDO CAVALCANTI GOMES;RUA PRESIDENTE NEREU RAMOS, SN NENHUM. CRISTO REDENTOR. 58070-440 João Pessoa - PB.;João Pessoa;PB;01ª GRE (João Pessoa)
25dc4918-18f9-462e-bb5a-6fec6f7ab770;25094661;ECI PEDRO LINS VIEIRA DE MELO;RUA FRANCISCO PEREIRA DE SOUSA, 130 MANGABEIRA I. 58055-440 João Pessoa - PB.;João Pessoa;PB;01ª GRE (João Pessoa)
ff4392f5-6cca-4127-8da5-c71b02071215;25094670;EEEF PADRE AZEVEDO;AV VASCO DA GAMA, 909 JAGUARIBE. 58015-180 João Pessoa - PB.;João Pessoa;PB;01ª GRE (João Pessoa)
c3f9852e-c1f7-44d0-b89f-102969ee3c1a;25094688;ECIT PADRE HILDON BANDEIRA;AV CAETANO FILGUEIRAS, SN TORRE. 58040-390 João Pessoa - PB.;João Pessoa;PB;01ª GRE (João Pessoa)
98f7290a-947d-4fad-8637-81d2709fc0ba;25094696;ECI PADRE IBIAPINA;RUA JOAO DE BRITO LIMA MOURA, 478 MANDACARU. 58027-070 João Pessoa - PB.;João Pessoa;PB;01ª GRE (João Pessoa)
637d983f-cfcd-4f17-ac03-3702e7ee81c7;25094700;EEEF PLACIDO DE CASTRO;RUA PLACIDO DE CASTRO, 687 OITIZEIRO. 58088-590 João Pessoa - PB.;João Pessoa;PB;01ª GRE (João Pessoa)
8ff574f4-f39a-448c-8926-1bcbc5e8d282;25094718;EEEF PROFESSORA ADELIA DE FRANCA;RUA JOAO RAIMUNDO DE LUCENA, SN COLEGIO. VALENTINA DE FIGUEIREDO. 58063-620 João Pessoa - PB.;João Pessoa;PB;01ª GRE (João Pessoa)
d13e61de-adfc-485b-b148-b3a49f306b95;25094726;ECI PROFESSOR CELESTIN MALZAC;RUA PROFESSORA MARIA ZENAIDE BRASILINO, 0 VALENTINA DE FIGUEIREDO. 58063-320 João Pessoa - PB.;João Pessoa;PB;01ª GRE (João Pessoa)
77cc2080-7aa9-41b2-a503-ab6347a280c4;25094734;EEEF PROFESSORA MARIA DE FATIMA SOUTO;RUA JOSE GOMES DE SOUSA, SN MANGABEIRA I. 58055-420 João Pessoa - PB.;João Pessoa;PB;01ª GRE (João Pessoa)
8ebbc2f1-e9ad-4576-8402-53d562fdb22c;25094742;EEEFM PROFESSORA MARIA JACY COSTA;RUA DRAUZIO FERRER, 77 PREDIO ESCOLAR. MANGABEIRA II. 58057-360 João Pessoa - PB.;João Pessoa;PB;01ª GRE (João Pessoa)
36a3ef8e-0150-4123-8867-11d66542881c;25094750;ECIT PROFESSOR OLIVIO PINTO;RUA ULISSES ALVES PEQUENO, SN VALENTINA DE FIGUEIREDO. 58064-580 João Pessoa - PB.;João Pessoa;PB;01ª GRE (João Pessoa)
b73337d2-16a8-41cf-b6f7-393960fc6293;25094777;EEEM PROFESSORA DEBORA DUARTE;RUA ADRISIO MOTA DE SOUZA, 34 ESCOLA. FUNCIONARIOS II. 58078-030 João Pessoa - PB.;João Pessoa;PB;01ª GRE (João Pessoa)
ac21def2-4872-43d1-bd55-cca601f33b7f;25094793;EEEM SANTOS DUMONT;RUA DAS INDUSTRIAS, SN BAIRRO DAS INDUSTRIAS. 58083-050 João Pessoa - PB.;João Pessoa;PB;01ª GRE (João Pessoa)
567c3513-58af-4de6-924e-f3cba70ff35a;25094815;EEEF TIRADENTES;RUA BOM JESUS, S/N RANGEL. 58070-060 João Pessoa - PB.;João Pessoa;PB;
ecfdc285-9c00-452f-8efa-371aca87b8b4;25094980;EEEF PADRE DEHON;AV. CARNEIRO DA CUNHA, S/N TORRE. 58040-240 João Pessoa - PB.;João Pessoa;PB;
91d77258-da9f-4b48-b2f1-808ad2ab4c5f;25095005;EEEF GUSTAVO CAPANEMA;RUA ADAO VIANA DA ROSA, SN GROTAO. 58079-846 João Pessoa - PB.;João Pessoa;PB;01ª GRE (João Pessoa)
d5165d3f-ad3c-45e8-bd4b-3ac98a9a1661;25095013;EEEM PROFESSORA ANTONIA RANGEL DE FARIAS;R JULIA FREIRE, SN PROX HOSP SAMARITANO. TORRE. 58040-040 João Pessoa - PB.;João Pessoa;PB;01ª GRE (João Pessoa)
380fb3f4-8f19-4659-98fa-475d273e6bb1;25095021;EEEM GONCALVES DIAS;RUA HUMBERTO PAIVA DE CARVALHO, SN CRISTO REDENTOR. 58070-330 João Pessoa - PB.;João Pessoa;PB;01ª GRE (João Pessoa)
e0a37cab-232c-4467-8b55-da008f85865f;25095048;EEEFM PROF URSULA LIANZA;RUA MONSENHOR WALFREDO LEAL, 476 TAMBIA. 58020-540 João Pessoa - PB.;João Pessoa;PB;
2ade60f1-dfe3-486e-a964-e777a4bf96d5;25095056;ECIT PREFEITO OSWALDO PESSOA;RUA PROFESSOR JOSE HOLMES, SN ERNANI SATIRO. 58080-400 João Pessoa - PB.;João Pessoa;PB;01ª GRE (João Pessoa)
b6ee67a5-922c-41f8-9c93-1cca1e6e7b83;25095080;EEEFM PADRE ROMA;RUA PROFESSOR EMILIO DE ARAUJO CHAVES, 120 ALTIPLANO. 58046-150 João Pessoa - PB.;João Pessoa;PB;01ª GRE (João Pessoa)
51ada055-911a-4900-853a-1daa3cc344ae;25095153;EEEF PROFESSORA RITA DE MIRANDA HENRIQUES;RUA FRANCISCO PORFIRIO RIBEIRO, SN MANGABEIRA IV. 58057-100 João Pessoa - PB.;João Pessoa;PB;01ª GRE (João Pessoa)
6e7958d0-24a1-4891-bf45-03b6e22084c7;25096702;ECIT MARIA DO CARMO DE MIRANDA;RUA JOAO LUIZ RIBEIRO DE MORAIS, 279 CENTRO. 58013-230 João Pessoa - PB.;João Pessoa;PB;01ª GRE (João Pessoa)
62c7629b-665e-4d73-ba00-fd6c49ef7bfa;25097091;EEEFM AUDIOCOMUNICACAO;RUA FRANCISCA MOURA, SN ESQUINA COM AV MANDA. JD TREZE DE MAIO. 58025-650 João Pessoa - PB.;João Pessoa;PB;01ª GRE (João Pessoa)
08618f0d-7000-4836-9000-9a6557f7a481;25097725;INSTITUTO DE EDUCACAO DA PARAIBA IEP;AV CAMILO DE HOLANDA, SN CENTRO. 58013-360 João Pessoa - PB.;João Pessoa;PB;01ª GRE (João Pessoa)
085acd01-553b-4056-ba9c-452850206208;25098357;LICEU PARAIBANO;AVENIDA GETULIO VARGAS, SN CENTRO. 58013-240 João Pessoa - PB.;João Pessoa;PB;01ª GRE (João Pessoa)
f0a695cf-e151-4ad5-beb4-2d387a7e94bc;25098543;NACES PRESIDIO DO ROGER;RUA CONCEICAO CABRAL, ROGER. 58020-210 João Pessoa - PB.;João Pessoa;PB;
6b3f777c-4f75-4873-aae2-2974eb56909d;25098632;ECIT IZAURA FALCAO DE CARVALHO;RUA LUIS ELOI RAMALHO, 161 CENTRO. 58315-000 Lucena - PB.;Lucena;PB;01ª GRE (João Pessoa)
df492431-2516-4a48-8d3d-4d073cfc450c;25099116;ECIT PROFESSOR LUIS DE AZEVEDO SOARES;AVENIDA CAMPINA GRANDE, 3188 MUNICIPIOS. 58302-687 Santa Rita - PB.;Santa Rita;PB;01ª GRE (João Pessoa)
fdaff3fe-2642-4ae3-ab3e-0a112a5f200f;25099124;EEEFM FRANCISCO LEOCADIO RIBEIRO COUTINHO;RUA SEBASTIAO CUNHA, 41 LOTEAMENTO SAO JUDAS. VARZEA NOVA. 58304-500 Santa Rita - PB.;Santa Rita;PB;01ª GRE (João Pessoa)
048c2506-9825-4988-ae2d-503a5f5f70de;25099132;EEEF ALINE SILVA MADRUGA;RUA PROFESSOR PEREIRA LIRA SN, 986636117 ESCOLA. POPULAR. 58304-122 Santa Rita - PB.;Santa Rita;PB;01ª GRE (João Pessoa)
5bc24299-5302-49b4-8f50-9434b38034ef;25099159;ECIT ENEAS CARVALHO;AVENIDA FLAVIO RIBEIRO COUTINHO, 440 CENTRO. 58300-107 Santa Rita - PB.;Santa Rita;PB;01ª GRE (João Pessoa)
d8d8298a-a8c8-4566-9f30-51086f3028a6;25099167;EEEF JOSE MARIANO;AVENIDA CAMPINA GRANDE, SN MUNICIPIOS. 58302-687 Santa Rita - PB.;Santa Rita;PB;01ª GRE (João Pessoa)
3a77314f-cc88-4232-b06a-3bc85f2b9a9e;25099175;ECIT MARIA HONORINA SANTIAGO;RUA PROFESSOR SEVERO RODRIGUES, SN POPULAR. 58301-000 Santa Rita - PB.;Santa Rita;PB;01ª GRE (João Pessoa)
e3bbc7b3-d17e-4a77-9f25-8fdd99367504;25099183;EEEF ANDRE VIDAL DE NEGREIROS;PRACA CASTELO BRANCO, SN TIBIRI I. 58304-386 Santa Rita - PB.;Santa Rita;PB;01ª GRE (João Pessoa)
aaa89e60-6b20-409f-a036-03051eadfb4c;25099205;EEEF PREFEITO ANTONIO TEIXEIRA;AVENIDA FLAVIO RIBEIRO COUTINHO, 488 CENTRO. 58300-107 Santa Rita - PB.;Santa Rita;PB;01ª GRE (João Pessoa)
075cd662-975a-456a-85d1-f229d3e13cb3;25099230;EEEF JOAO URSULO;PRACA JOAO PESSOA, 2 ESQUINA. CENTRO. 58300-140 Santa Rita - PB.;Santa Rita;PB;01ª GRE (João Pessoa)
b7f17fa5-c481-4e86-8581-405a2ccc5bfc;25099248;EEEF MACHADO DE ASSIS;RUA INGA, SN MUNICIPIOS. 58302-777 Santa Rita - PB.;Santa Rita;PB;01ª GRE (João Pessoa)
3c8d3471-1256-4446-bdbd-393a140e6343;25099256;ECI MARIA DE LOURDES ARAUJO;AV JOAO PESSOA, 188 TIBIRI II. 58302-000 Santa Rita - PB.;Santa Rita;PB;01ª GRE (João Pessoa)
a78cf3df-6917-49db-93ed-ad2061c0ec51;25099264;EEEF VARZEA NOVA;RUA CORONEL MENDES RIBEIRO, SN CONHECIDO COMO GRUPO. VARZEA NOVA. 58304-500 Santa Rita - PB.;Santa Rita;PB;01ª GRE (João Pessoa)
27480157-cdcd-4cd1-b50c-b34b4d0f09ac;25099280;EEEF PROF JOSE VAZ;PRACA NOSSA SENHORA DO CARMO, 03 POPULAR. 58304-400 Santa Rita - PB.;Santa Rita;PB;
83afd85f-b015-4211-be2c-97a29de21648;25099299;EEEM CARLOS CHAGAS;AV CAMPINA GRANDE, SN MUNICIPIOS. 58302-687 Santa Rita - PB.;Santa Rita;PB;01ª GRE (João Pessoa)
3ed77edf-8231-4a21-8ec3-34c8be65b531;25099507;EEEM ANISIO PEREIRA BORGES;RUA JOSE DE ALENCAR, SN TIBIRI FABRICA. 58301-804 Santa Rita - PB.;Santa Rita;PB;01ª GRE (João Pessoa)
7833cc77-be8d-4536-b7e5-c7cc4306b961;25099957;EEEFM DE FORTE VELHO;RUA PROFESSOR ANTONIO ELIAS, SN PREDIO PROPRIO. POVOADO DE FORTE VELHO. 58303-899 Santa Rita - PB.;Santa Rita;PB;
c476af3e-2f66-41e5-a279-441c08066086;25100033;ECIT RENATO RIBEIRO COUTINHO;RUA MANOEL GUEDES, 70 CENTRO. 58320-000 Alhandra - PB.;Alhandra;PB;01ª GRE (João Pessoa)
1db9e308-5a58-4482-b61d-4d1e3f34a9d7;25100041;EEEFM BARAO DO ABIAI;AVENIDA PRESIDENTE JOAO PESSOA, 373 CENTRO. 58320-000 Alhandra - PB.;Alhandra;PB;16ª GRE (João Pessoa)
fb21cb92-cc7f-4b4b-a7c0-a64f2c2c6c71;25100459;EEEM ALBERTO LUNDGREN;RUA PROJETADA, SN PROXIMO A PB 44. CONJUNTO PEREIRAO. 58326-000 Caaporã - PB.;Caaporã;PB;01ª GRE (João Pessoa)
c8c26a87-0c68-4897-95e4-4265c91c75b9;25100696;ECIT JOAO URSULO;RUA SANTO ANTONIO, 39 PREDIO ESCOLAR. SANTO ANTONIO. 58328-000 Pedras de Fogo - PB.;Pedras de Fogo;PB;12ª GRE (Itabaiana)
77a513fb-faea-4acb-b2e8-9a3c748d3f8e;25101072;EEEM DOUTOR JOAO GONCALVES;AVENIDA SENADOR HUMBERTO LUCENA, 109 CENTRO. 58324-000 Pitimbu - PB.;Pitimbu;PB;01ª GRE (João Pessoa)
5ec1adce-ba70-41e9-a7cf-434b2af56372;25101099;ECIT DURVAL GUEDES;VILA CEHAP, SN CENTRO. ACAU. 58324-000 Pitimbu - PB.;Pitimbu;PB;
c9c76ca1-5d2a-4bd0-a0a0-706d3702c8a9;25101516;EEEF DOMENICA ANDREA MAGLIANO;SITIO MUMBABA, SN DISTRITO INDUSTRIAL. 58082-800 João Pessoa - PB.;João Pessoa;PB;01ª GRE (João Pessoa)
cf2ddfb1-967b-4866-b3c7-a8e7d1715a04;25101978;EEIEFM AKAJUTIBIRO;ALDEIA AKAJUTIBIRO, 152 AREA INDIGENA. AREA RURAL. 58295-000 Baía da Traição - PB.;Baía da Traição;PB;
9778fb07-196c-45c9-a453-189d425f9530;25102519;EEEFM ANTONIO CAMELO;RUA JOSE JOAO DA SILVA, SN MATA REDONDA. 58320-000 Alhandra - PB.;Alhandra;PB;16ª GRE (João Pessoa)
0baf79f7-c9ad-44a2-b72c-9ca75fc643bc;25103563;EEEM PROFESSOR JOSE GOMES ALVES;DONATO LOCIO, SN JATOBA. 58707-380 Patos - PB.;Patos;PB;06ª GRE (Patos)
b4bf2080-6a95-41c5-8819-287ea9fc172e;25104071;NUCLEO DE EDUCACAO DE JOVENS E ADULTOS DO ENSINO MEDIO;UNIVERSIDADE FEDERAL DA DA PARAIBA, SN CAMPUS I. CASTELO BRANCO. 58051-900 João Pessoa - PB.;João Pessoa;PB;01ª GRE (João Pessoa)
a14ba0c6-e258-47a1-9976-a2ed6290e0bc;25104330;ECIS ALMIRANTE SALDANHA;AV SANTA BARBARA, SN ECI ALMIRANTE SALDAN. JARDIM CIDADE UNIVERSITARIA. 58052-580 João Pessoa - PB.;João Pessoa;PB;01ª GRE (João Pessoa)
3f550137-8d61-4253-a7c6-779e73b4b0b0;25105183;EEEF IRMA SEVERINA CAVALCANTE SOUTO;RUA RODRIGUES CHAVES, SN CENTRO. 58011-040 João Pessoa - PB.;João Pessoa;PB;01ª GRE (João Pessoa)
6945baae-d7b7-4dd5-8944-3943f08727a4;25106830;EEEE ANA PAULA RIBEIRO BARBOSA LIRA;RUA JUIZ OVIDIO GOUVEIA, 604 PEDRO GONDIM. 58031-030 João Pessoa - PB.;João Pessoa;PB;01ª GRE (João Pessoa)
b323de88-1ac4-4df6-b706-57113fb9a092;25107003;ESCOLA PENITENCIARIA DESEMBARGADOR SILVIO PORTO;RUA AGENTE FISCAL ULRICO JOSE DE MAGALHAES, MANGABEIRA. 58059-100 João Pessoa - PB.;João Pessoa;PB;
e33d3021-a3ec-4e98-8c2e-15bfe74f6058;25109120;CRECHE PRE ESC MARINHA AMARAL;TRAVESSA CONCEICAO CABRAL, ROGER. 58020-215 João Pessoa - PB.;João Pessoa;PB;
54e44f59-88c2-4a63-8d94-d5029427a655;25110241;CRECHE ALAIDE ALVES DE ARAUJO FAUSTINO;RUA JOSE RIBEIRO DA SILVA, OITIZEIRO. 58087-440 João Pessoa - PB.;João Pessoa;PB;
1b85195a-5070-4847-931f-d24673293dd4;25110780;ECI PROFESSORA BEATRIZ MARIA DE ABREU;RUA PROJETADA, 0 PREDIO PUBLICO. CENTRO. 58238-000 Casserengue - PB.;Casserengue;PB;02ª GRE (Guarabira)
32b5d96c-bf00-4cc2-94a6-7171f6230e2c;25110926;EEEF SAO RAFAEL;RUA RIO SAO FRANCISCO - VILA SAO RAFAEL, 701 CASTELO BRANCO III. 58050-630 João Pessoa - PB.;João Pessoa;PB;01ª GRE (João Pessoa)
0debc106-7850-4bbf-939d-bc42c7746f57;25111841;EEIEFM INDIGENA JOSE FERREIRA PADILHA;ALDEIA VAU RUA PRINCIPAL, SN AREA INDIGENA. ZONA RURAL. 58294-000 Marcação - PB.;Marcação;PB;
897e158c-f0b5-45f3-9f01-16a172fe6627;25113810;EEEFM ISAURA FERNANDES DE SOUZA;RUA PROJETADA, SN PREDIO. EPITACIO MADRUGA. 58275-000 Itapororoca - PB.;Itapororoca;PB;14ª GRE (Mamanguape)
b9cf447b-7491-480a-b3a5-5f77cb6a9015;25114034;EEEF DOM HELDER CAMARA;RUA LICIONEIA MARIA DA CONCEICAO, 125 SANTA ROSA. 58417-020 Campina Grande - PB.;Campina Grande;PB;03ª GRE (Campina Grande)
53f891f8-c2ec-42e5-b589-b9a575a277cd;25114425;EEEF GOVERNADOR ANTONIO MARIZ;RUA TONY CASSIO RODRIGUES ESTRELA, SN FUNCIONARIOS III. 58079-090 João Pessoa - PB.;João Pessoa;PB;01ª GRE (João Pessoa)
e2b2270e-6b6f-40eb-a16f-fde1326a5298;25114433;EEEFM SENADOR HUMBERTO LUCENA;RUA MARCELINO PEREIRA DA COSTA, SN NOVO CRUZEIRO. 58415-483 Campina Grande - PB.;Campina Grande;PB;03ª GRE (Campina Grande)
7a376a95-3a3c-42d0-9c95-9040b7e05713;25114484;ECIT JOAO ROBERTO BORGES DE SOUZA;RUA OSORIO MILANEZ FILHO, SN PREDIO ESCOLAR. MANGABEIRA. 58056-280 João Pessoa - PB.;João Pessoa;PB;01ª GRE (João Pessoa)
61685468-26c7-49d9-9787-b55f3e14eace;25114506;EEEM PROFESSOR JOSE BAPTISTA DE MELLO;RUA ADMINISTRADOR MANOEL ANGELO DE OLIVEIRA, SN MANGABEIRA VII. 58058-200 João Pessoa - PB.;João Pessoa;PB;01ª GRE (João Pessoa)
213d67b2-9353-40cc-9536-0307968d3d77;25114808;ECI PROFESSOR ITAN PEREIRA;RUA LUIZ MOTTA, SN BODOCONGO. 58430-710 Campina Grande - PB.;Campina Grande;PB;03ª GRE (Campina Grande)
41664a37-83aa-4af1-8ae9-4ab3fc7d7ff8;25114905;ECI MILTON CAMPOS;R SEVERINA MARIA VASCONCELOS DE CARVALHO, SN CUIA. 58077-156 João Pessoa - PB.;João Pessoa;PB;01ª GRE (João Pessoa)
7bf8c710-02bc-46a4-8a63-a72b5fccb61c;25115049;ECI PROFESSOR PAULO FREIRE;RUA MARLI DO NASCIMENTO SOUZA, 57 JOAO PAULO II. 58076-117 João Pessoa - PB.;João Pessoa;PB;01ª GRE (João Pessoa)
f272183b-017d-4fbd-b664-581a4a073417;25115219;EEEM PROFESSORA MARGARIDA MEDEIROS;RUA JOAO DANTAS DE ASSIS, 34 PREDIO ESCOLAR. CENTRO. 58860-000 Paulista - PB.;Paulista;PB;13ª GRE (Pombal)
3b93628d-057f-40ff-b31b-75d86918d09a;25115359;EEEM JOAO DE OLIVEIRA CHAVES;RUA SIZENANDO RAFAEL, 665 ALTO BELA VISTA. 58500-000 Monteiro - PB.;Monteiro;PB;05ª GRE (Monteiro)
4c44a81c-61da-4615-b9f8-2ff376169bf5;25115618;ECIT ILZA DE ALMEIDA RIBEIRO;DR NILO D VILLA LINS, 575 CIDADE DAS CRIANCAS. 58322-000 Conde - PB.;Conde;PB;01ª GRE (João Pessoa)
faf014a5-ac8b-48c4-ae97-411886cdac35;25115723;EEEM FELIPE TIAGO GOMES;RUA ANIBAL DA CUNHA MACEDO, 30 MONTE SANTO. 58187-000 Picuí - PB.;Picuí;PB;04ª GRE (Cuité)
88e07d95-5e69-42a9-8bca-cfc5bfba2d4e;25116762;EEEFM LUIZ RIBEIRO LIMEIRA;RUA MILTON VELOSO BORGES, 1116 TIBIRI 2. 58302-510 Santa Rita - PB.;Santa Rita;PB;01ª GRE (João Pessoa)
1b3e8d64-9e11-42c8-ba40-5a9f24ed8edb;25117459;ECIT PREFEITO WILLIAMS DE SOUSA ARRUDA;RUA BRUXELAS, SN CUITES. 58404-864 Campina Grande - PB.;Campina Grande;PB;03ª GRE (Campina Grande)
8f0c9fb7-724b-4e04-b537-5ed1ec13c4fc;25117521;EEEM PROFESSOR GETULIO CESAR RODRIGUES GUEDES;RUA JOSE PEREIRA DA SILVA, SN PREDIO ESCOLAR. MANGUEIRA. 58328-000 Pedras de Fogo - PB.;Pedras de Fogo;PB;12ª GRE (Itabaiana)
28d24f28-8fb0-4ee4-878f-6315e2260e25;25117688;ECIT IRMA STEFANIE;HENRIQUE NOBREGA, SN PROXIMO AO SUPERMERC. TRES IRMAS. 58400-002 Campina Grande - PB.;Campina Grande;PB;03ª GRE (Campina Grande)
edb531a4-b1a4-4fba-81f6-270c6e508a28;25117700;EEEFM SEVERINO BARBOSA CAMELO;RUA JOSE RICART IRMAO, SN MALVINAS. 58450-000 Boqueirão - PB.;Boqueirão;PB;03ª GRE (Campina Grande)
c56e4117-7926-4182-a47b-1e04e7d53b6a;25117858;EEEFM REITOR EDVALDO DO O;ISOLDA BARROS TORQUARTO, SN BODOCONGO. 58430-290 Campina Grande - PB.;Campina Grande;PB;03ª GRE (Campina Grande)
a68c4843-0fd1-4a0b-8147-cceb77edf15f;25117866;EEEFM POETISA VICENTINA FIGUEIREDO VITAL DO REGO;RUA SAO RAFAEL, SN JEREMIAS. 58404-072 Campina Grande - PB.;Campina Grande;PB;03ª GRE (Campina Grande)
195b0d30-0c59-43d6-a935-cb7eb9d6a1e6;25118340;ESCOLA DE SAUDE PUBLICA DA PARAIBA;AVENIDA DOM PEDRO II, 1826 TORRE. 58040-440 João Pessoa - PB.;João Pessoa;PB;
c0f6e019-ba7f-4552-97bb-c3022cb81ec2;25118358;EEEFM DEPUTADO PEDRO PASCOAL DE OLIVEIRA;LUIZ PEDRO DE ARAUJO, 70 CONJUNTO. ARNALDO LAFAYETE. 58660-000 Juazeirinho - PB.;Juazeirinho;PB;03ª GRE (Campina Grande)
4b71f84a-cc3e-4537-86fb-865863dd556b;25118560;EEEFM JOANA IVONILDES BANDEIRA;RUA CROMACIO WANDERLEY, SN VIDA NOVA. 58840-000 Pombal - PB.;Pombal;PB;13ª GRE (Pombal)
6753cf4c-6694-4c96-9282-5c7cf0b1a1bf;25118579;ECI PREFEITO SEVERINO PEREIRA GOMES;RUA MANOEL RODRIGUES, 79 PREDIO. JARDIM PLANALTO. 58188-000 Baraúna - PB.;Baraúna;PB;04ª GRE (Cuité)
f6c66f29-dc2c-4cb7-bedb-e1e5d3b0c6e0;25120670;EEEFM MAJOR VENEZIANO VITAL DO REGO;RUA MARIA CANDIDA DA SILVA SN, 0000 ACACIO FIGUEIREDO. 58421-295 Campina Grande - PB.;Campina Grande;PB;03ª GRE (Campina Grande)
fa546391-baad-49a9-acc6-dfff03c7c68e;25120751;ECIT AURICELIA MARIA DA COSTA;PEQUENA, SN PRIMAVERA. 58326-000 Caaporã - PB.;Caaporã;PB;01ª GRE (João Pessoa)
67eb435a-b240-43a3-ae8b-2d7532bbad0a;25120760;EEIEFM CACIQUE INIGUACU;ALDEIA TRAMATAIAPRINCIPAL, SN RUA PRINCIAPAL. ALDEIA. 58294-000 Marcação - PB.;Marcação;PB;
904a69ea-7808-4171-a28b-69307827869b;25120778;EEIEFM PEDRO POTI;ALDEIA SAO FRANCISCO, 00 ALDEIA. ZONA RURAL. 58295-000 Baía da Traição - PB.;Baía da Traição;PB;
ca08d5f3-f552-4772-9cd5-6c2106e04d7e;25120859;ECI PROFESSOR MARIA JOSE COSTA DE ALBUQUERQUE;RUA RONDINELLE GUIMARAES COUTO, SN PREDIO ESCOLAR. CENTRO. 58160-000 Olivedos - PB.;Olivedos;PB;03ª GRE (Campina Grande)
4d3a409a-eb5f-43e9-bdbe-5ca9c0ab6e50;25122401;ECI SEVERINA RAMOS DE OLIVEIRA;RUA JOAO PEDRO TEIXEIRA, 0 CONJUNTO PAULO ROLIM. 58342-000 Sobrado - PB.;Sobrado;PB;01ª GRE (João Pessoa)
48d100e1-2d7e-4b16-bb9e-e6161c9807bd;25122533;ECI DOUTOR GUSTAVO FERNANDES DE LIMA SOBRINHO;RUA BENEDITO JOEL CORDEIRO, SN PREDIO PROPRIO. AREAL. 58280-000 Mamanguape - PB.;Mamanguape;PB;14ª GRE (Mamanguape)
82b6072d-f15b-4594-bb0e-89584da5e3eb;25122908;EEEM PEDRO TARGINO DA COSTA MOREIRA;RUA JOSE AMERICO, SN CONJUNTO LUCIA BRAGA. 58230-000 Cacimba de Dentro - PB.;Cacimba de Dentro;PB;02ª GRE (Guarabira)
214e0e34-7656-4c24-8923-893d7bc9a7d4;25123203;ECIT FRANCISCO MARQUES DE MELO;RUA ROMILDO FERNANDES DE OLIVEIRA, SN INSTITUICAO DE ENSIN. TAMBOR. 58173-000 Damião - PB.;Damião;PB;04ª GRE (Cuité)
213940a8-871b-41df-87c7-c2babc019013;25123297;ECI MARIA ELIDIA RANGEL;RUA ANATIVA MOTA DE AZEVEDO, SN BELA VISTA. 58665-000 Tenório - PB.;Tenório;PB;03ª GRE (Campina Grande)
a2504553-4a3b-47e0-a397-857a6e866bb9;25123696;EEEM BENEDITA TARGINO MARANHAO;RUA CARPINTEIRO JOAO JOSE SEABRA, SN PENHA. 58047-050 João Pessoa - PB.;João Pessoa;PB;01ª GRE (João Pessoa)
4e0fb839-f923-4b22-8aff-e2c88710135b;25123998;EEEFM WALNYZA BORBOREMA CUNHA LIMA;RUA ANTONIO CHAGAS DE ARAUJO, SN PREDIO. ZONA RURAL SITIO ESTREITO. 58449-000 Campina Grande - PB.;Campina Grande;PB;03ª GRE (Campina Grande)
dceec012-a107-49de-9292-894543099308;25124277;ECIT SEVERINO DIAS DE OLIVEIRA - MESTRE SIVUCA;R FLOR DE IRIS, 85 CIDADE VERDE. MANGABEIRA VIII. 58059-744 João Pessoa - PB.;João Pessoa;PB;01ª GRE (João Pessoa)
189415a3-c601-4bbd-9e3b-f88fca8c0405;25126180;ECIT LINDUARTE NORONHA;RUA ANTONIO FERNANDES, SN COLINAS DO SUL. GRAMAME. 58069-325 João Pessoa - PB.;João Pessoa;PB;01ª GRE (João Pessoa)
9f74048a-dfd8-443c-8af1-67556fb69fb5;25126342;EEEF ANTONIA MARIA ANUNCIACAO DONA DONINHA;DISTRITO DE CAMPO ALEGRE, SN ZONA RURAL. 58822-000 Vieirópolis - PB.;Vieirópolis;PB;
954cc7db-f65a-46c7-89b3-29f64f129b96;25126350;ESCOLA TECNICA ESTADUAL DE SAUDE PROFESSORA CLORIS TORRES DE OLIVEIRA;RUA GENIVAL DA SILVA TORRES, SN CENTRO. 58340-000 Sapé - PB.;Sapé;PB;01ª GRE (João Pessoa)
1b38eaf8-2968-4f6f-b467-1959402d71a4;25126415;EEEM TEREZA ALVES DE MOURA;RUA ADAO SOARES FILHO, SN LIGEIRO. 58475-000 Queimadas - PB.;Queimadas;PB;
59762be5-adc5-4885-a80d-c08ecaf3ad90;25127470;ESCOLA ESTADUAL DE MUSICA ANTHENOR NAVARRO;RUA ABDIAS GOMES DE ALMEIDA, 800 RAMPA 02. TAMBAUZINHO. 58042-900 João Pessoa - PB.;João Pessoa;PB;
c4897a01-bba7-4d1e-ba3b-83ce308186de;25127594;ECIT BAYEUX ERENICE CAVALCANTE FIDELIS;AVENIDA LIBERDADE, 3015 PREDIO. SESI. 58111-400 Bayeux - PB.;Bayeux;PB;01ª GRE (João Pessoa)
739a2545-0425-4047-b0db-02f23f4ee351;25127659;ECI PEDRO HENRIQUE DA SILVA;SITIO SERRA DO BOMBOCADINHO, SN ZONA RURAL. 58175-000 Cuité - PB.;Cuité;PB;
231e051e-f652-4f1b-9b15-36f25312785a;25127977;ECIT VALE DO MAMANGUAPE JOAO DA MATA CAVALCANTI DE ALBUQUERQUE;AV ALUISIO ALVES PEREIRA, SN CONJ NOSSA SENHORA D. AREIAL. 58280-000 Mamanguape - PB.;Mamanguape;PB;14ª GRE (Mamanguape)
a11d7488-3e48-423a-a7d8-80b0aa877ab0;25128337;ECIT JOAO PEREIRA GOMES FILHO;AVENIDA HILTON SOUTO MAIOR, SN PROXIMO AO FORUM DE. PORTAL DO SOL. 58055-018 João Pessoa - PB.;João Pessoa;PB;01ª GRE (João Pessoa)
f1c43827-970d-496a-84dd-c5de02b1e401;25128418;ECI HELITON SANTANA;RUA VEREADOR MAILTON WELLINGTON, SN NOVA TRINDADE. 58300-970 Santa Rita - PB.;Santa Rita;PB;01ª GRE (João Pessoa)
8990d407-0a4a-4ad0-b0d7-c64ec61b30eb;25128809;EEIEFM INDIO PEDRO MAXIMO DE LIMA;ALDEIA TRES RIOS, SN ZONA RURAL. CENTRO. 58294-000 Marcação - PB.;Marcação;PB;
18703710-8dcf-4f62-8e9f-6226f0d80667;25129279;ECIT JORNALISTA JOSE ITAMAR DA ROCHA CANDIDO;BR 104 KM 06, AS MARGENS DA BR104. ZONA RURAL. 58175-000 Cuité - PB.;Cuité;PB;
00325b72-0700-4a49-9dbc-516084b7f2d2;25129287;ECIT DE SAO BENTO;AV PREFEITO PEDRO EULAMPIO DA SILVA, SN SAO BENTINHO. 58865-000 São Bento - PB.;São Bento;PB;08ª GRE (Catolé do Rocha)
dab5ac6a-f835-4e8e-ad11-89ad6459f19f;25129295;ECIT PROFESSORA NICEA CLAUDINO PINHEIRO;RODOVIA GOVERNADOR ANTONIO MARIZ - BR 230 KM 506 S/N - CAPOEIRAS SUL, Cajazeiras - PB, 58900-000;Cajazeiras;PB;09ª GRE (Cajazeiras)
0095de7f-53f2-4af2-ac27-4e1e33fd1432;25129309;EEEFM GRACILIANO RAMOS;R CEL BENEVENUTO GONCALVES DA COSTA, SN PENITENCIARIA DE SEG. MANGABEIRA. 58056-020 João Pessoa - PB.;João Pessoa;PB;01ª GRE (João Pessoa)
000e870f-82d4-4fa4-b230-9f4c17358983;25129317;EEEFM PAULO FREIRE;ALCA SUDOESTE, SN PRESIDIO DO SERROTAO. SERROTAO. 58436-220 Campina Grande - PB.;Campina Grande;PB;03ª GRE (Campina Grande)
38d6d1a0-5026-4f39-bdee-8ba7ea06eac3;25129325;EEEFM ARIANO VILAR SUASSUNA;SITIO ZE DIAS, SN RODOVIA GOVERNADOR A. ZONA RURAL. 58900-000 Cajazeiras - PB.;Cajazeiras;PB;09ª GRE (Cajazeiras)
86f1af12-338c-41a4-a1aa-39bd25a8c04b;25129740;VILA OLIMPICA PARAHYBA;AV. ESPIRITO SANTO, S/N ESTADOS. 58030-110 João Pessoa - PB.;João Pessoa;PB;
272a8588-a97a-4f26-90ca-a195c134fa1b;25130110;ECIT INACIO ANTONINO;PB 200, SN ACESSO PELA BR 412. LAGOINHA. 58580-000 Serra Branca - PB.;Serra Branca;PB;05ª GRE (Monteiro)
2770313f-b56b-452d-9118-5af8f7ec3528;25130153;ECIT LYNALDO CAVALCANTI DE ALBUQUERQUE;RUA MANOEL MOTA, NULL PB 110. MUTIRAO. 58707-430 Patos - PB.;Patos;PB;06ª GRE (Patos)
ea5cb4e2-cd08-4940-ba67-a5c3ab816c30;25130161;ECIT GUARABIRA DOM MARCELO PINTO CARVALHEIRA;RODOVIA PB073 KM 24, SN PREDIO ESCOLAR. DISTRITO INDUSTRIAL PB073. 58200-000 Guarabira - PB.;Guarabira;PB;02ª GRE (Guarabira)
540ac191-5992-418d-a138-b3f8da514e68;25130242;ECIT CHIQUINHO CARTAXO;RUA LEOPOLDO JOSE DE MELO, SN JARDINS. 58802-370 Sousa - PB.;Sousa;PB;10ª GRE (Sousa)
a91e2df5-d935-4c9c-ba3d-c358588886e0;25130269;ECIT ITAPORANGA;JOAO SILVINO DA FONSECA, SN PROXIMO AO GINASIO D. JOAO SILVINO DA FONSECA. 58780-000 Itaporanga - PB.;Itaporanga;PB;07ª GRE (Itaporanga)
6b44e0be-2a92-401f-93eb-147e5b6d4f1f;25130331;ECIT PROFESSOR BRAULIO MAIA JUNIOR;RUA TRANQUILINO COELHO LEMOS, SN ESCOLA ESTADUAL AO L. DINAMERICA. 58432-300 Campina Grande - PB.;Campina Grande;PB;03ª GRE (Campina Grande)
798bec83-068c-4da7-abab-e6a048be5186;25130846;EEEF RENE ALVES RAMALHO;ASSENTAMENTO NOVA VIDA I, 00 ZONA RURAL. 58814-000 Sousa - PB.;Sousa;PB;
a8b9ef85-49c4-4923-a2f2-d5fb84a5a439;25133667;ESCOLA TECNICA ESTADUAL DE ARTES TECNOLOGIA E ECONOMIA CRIATIVA;RUA FRANCISCO LONDRES, 69 ESCOLA. VARADOURO. 58010-150 João Pessoa - PB.;João Pessoa;PB;
ca7081c2-3cbd-4d86-a4b1-d7051be95579;25134841;EEFM SEVERINO XAVIER DE SOUZA;RUA MARIA DE LOURDES CAROLINO, S/N TRES IRMAS. 58424-160 Campina Grande - PB.;Campina Grande;PB;
82ffc55f-bdd9-4d5f-807f-42edc545cec2;25138200;CENTRO ESTADUAL DE ARTE - CEARTE;PRACA ARISTIDES LOBO, 129 CENTRO. 58010-320 João Pessoa - PB.;João Pessoa;PB;
f3fd0d81-dd76-4b6c-a8f3-3180e77f9b8b;25151401;EEEM ANTONIO GUEDES DE ANDRADE;RUA SEVERINO DA COSTA, 200 CATOLE DE ZE FERREIRA. 58418-030 Campina Grande - PB.;Campina Grande;PB;
3b325e81-3bcb-4b3d-9237-0963526db5be;25152408;EEEM DE SERRA DOS BRANDOES;SERRA DOS BRANDOES, 58187-000 Picuí - PB.;Picuí;PB;
b9bf4719-c63a-41ae-9059-ddcb0e6f8219;25152815;EEEM ISABEL RODRIGUES DE MELO;RUA SERGIO ANTONIO DE MENEZES, SN GALANTE. 58446-000 Campina Grande - PB.;Campina Grande;PB;
56045324-444e-425a-ae63-830038e7cd8b;25152823;ECI EUCLIDES MOUZINHO DOS SANTOS;RUA PROJETADA, SN CONJUNTO NOVO. 58399-000 Algodão de Jandaíra - PB.;Algodão de Jandaíra;PB;03ª GRE (Campina Grande)
f5034ea7-e77f-4e3e-8e2a-b170813edd05;25153200;EEEM MATILDES DE MELO BURITI;DIST CUMARU, 0 ZONA RURAL. 58180-000 Pedra Lavrada - PB.;Pedra Lavrada;PB;
0c650b39-a25c-4bd2-a540-08a018f7ab67;25153218;EEEF ODILON RIBEIRO COUTINHO;POVOADO ENGENHO CENTRAL, SN 58304-500 Santa Rita - PB.;Santa Rita;PB;
dbfc393b-46bd-4e95-8383-b106b2f4aeee;25251945;EEEFM ZULEIDE CAVALCANTE PORTO;RUA JORNALISTA CARLOS CASTELO BRANCO, 00 SEM NUMERO. NOVA BRASILIA. 58406-498 Campina Grande - PB.;Campina Grande;PB;03ª GRE (Campina Grande)
60859ae9-198e-470b-be7a-f49984353a28;1;01ª GRE (João Pessoa);;;;01ª GRE (João Pessoa)
f41a5fc1-0f8f-4352-acff-ee26840d597d;2;02ª GRE (Guarabira);;;;02ª GRE (Guarabira)
d5f3923a-be64-4331-92cc-95837b6e5443;3;03ª GRE (Campina Grande);;;;03ª GRE (Campina Grande)
a53a8ae2-68cf-4363-bbd5-32eabc2b1fbe;4;04ª GRE (Cuité);;;;04ª GRE (Cuité)
c4df5539-6337-4603-ac47-1235f8b371f7;5;05ª GRE (Monteiro);;;;05ª GRE (Monteiro)
37d30601-cf38-4793-b115-d9c0b7cae3b1;6;06ª GRE (Patos);;;;06ª GRE (Patos)
d4d36c51-ef91-436f-bc88-c2cfe913eeaa;7;07ª GRE (Itaporanga);;;;07ª GRE (Itaporanga)
a44009e2-ca83-4d3d-9e0d-28f10f0e7ecd;8;08ª GRE (Catolé do Rocha);;;;08ª GRE (Catolé do Rocha)
9cded459-3bde-41c1-85c4-c26f14a09d9b;9;09ª GRE (Cajazeiras);;;;09ª GRE (Cajazeiras)
19750acc-d032-4796-9ec1-53838f8bc444;10;10ª GRE (Sousa);;;;10ª GRE (Sousa)
7f807a68-c530-48f6-a8fc-69e3f9386f40;11;11ª GRE (Princesa Isabel);;;;11ª GRE (Princesa Isabel)
58a8380e-2c8f-403e-a38f-ecf7804a5e5e;12;12ª GRE (Itabaiana);;;;12ª GRE (Itabaiana)
e020bd13-6558-4c44-bb5b-4b07d6b3b21f;13;13ª GRE (Pombal);;;;13ª GRE (Pombal)
0065f605-29f1-4a83-ab04-0d6c5c7d6b74;14;14ª GRE (Mamanguape);;;;14ª GRE (Mamanguape)
1abf8378-f3c7-49fd-b3d8-9b0a9279199b;15;15ª GRE (Queimadas);;;;15ª GRE (Queimadas)
5d7ef724-e78e-478e-9132-e165fdd4578f;16;16ª GRE (João Pessoa);;;;16ª GRE (João Pessoa)

